StartDate,EndDate,Finished,noAVI,nonmeditator,meditator,lowmeditator,AVI,IRB,Consent,Issues,Continue,Sports,Sports length,Meditation,Meditation length,Percussion,Percussion length,Q27,Bonus,Continue,A_enthusiastic,A_sleepy,A_distressed,A_softhearted,A_euphoric,A_dull,A_empathic,A_quiet,A_grieved,A_surprised,A_worried,A_frustrated,A_calm,A_hostile,A_disturbed,A_alarmed,A_peaceful,A_warm,A_lonely,A_compassionate,A_sad,A_happy,A_concerned,A_angry,A_content,A_still,I_enthusiastic,I_sleepy,I_distressed,I_softhearted,I_euphoric,I_dull,I_empathic,I_quiet,I_grieved,I_surprised,I_worried,I_frustrated,I_calm,I_hostile,I_disturbed,I_alarmed,I_peaceful,I_warm,I_lonely,I_compassionate,I_sad,I_happy,I_concerned,I_angry,I_content,I_still,Frequency,How many minutes,Ethnicity,Gender,Age,Region,Debrief,Issues,Continue
12/8/17 18:09,12/8/17 18:10,1,7614689,,,less than 1 year,,1,1,None,1,0,,1,0,0,,1,,,,,,,,,,,,,,,,,,,,,,,,,,,,,,,,,,,,,,,,,,,,,,,,,,,,,,,,,,,,,,,
12/8/17 18:08,12/8/17 18:10,1,2157859,No,,,7839945,1,1,,,0,,0,,0,,,1,1,3,2,1,3,3,1,2,1,1,1,2,2,3,1,1,1,2,3,1,2,1,1,1,1,3,3,4,1,1,5,5,1,3,1,1,1,1,1,5,1,1,1,1,3,1,3,1,4,1,1,3,1,,,1,2,26,3,1,,1
12/8/17 18:08,12/8/17 18:11,1,6488864,No,,,8943681,1,1,,,0,,0,,0,,,1,1,4,2,2,4,2,2,4,1,2,2,1,2,3,1,2,1,3,2,1,4,1,3,4,1,3,1,5,1,1,5,3,1,5,1,1,2,1,1,5,1,1,1,5,5,1,5,1,5,1,1,5,1,,,1,2,34,2,1,No,1
12/8/17 18:07,12/8/17 18:11,1,8509149,No,,,7013405,1,1,,,0,,0,,0,,,1,1,2,3,2,1,1,2,1,4,1,2,2,4,3,3,1,1,4,1,1,1,2,3,2,2,4,3,2,3,1,1,1,1,1,4,1,1,1,1,5,2,1,1,5,1,1,1,1,2,1,1,5,5,,,1,2,43,1,1,no,1
12/8/17 18:08,12/8/17 18:11,1,6135942,No,,,1747809,1,1,,,0,,0,,0,,,1,1,3,3,1,2,2,3,2,4,2,2,2,3,4,1,1,2,4,2,1,2,2,3,2,1,2,1,5,1,1,2,5,1,2,3,1,1,1,1,5,1,1,1,5,2,1,2,1,4,1,1,5,2,,,1,2,28,3,1,No,1
12/8/17 18:10,12/8/17 18:11,1,3569548,No,,,,1,1,,1,0,,0,,0,,,1,0,,,,,,,,,,,,,,,,,,,,,,,,,,,,,,,,,,,,,,,,,,,,,,,,,,,,,,,,,,,,,
12/8/17 18:09,12/8/17 18:12,1,9111535,No,,,1346863,1,1,,,1,1,0,,0,,,1,1,2,4,3,5,2,2,5,5,2,2,4,3,2,1,2,2,3,3,2,5,2,4,3,2,2,4,5,1,1,5,5,1,5,1,1,2,1,1,5,1,1,1,5,5,1,5,1,5,1,1,5,3,,,1,2,29,2,1,,1
12/8/17 18:09,12/8/17 18:12,1,9365382,No,,,2692555,1,1,,,0,,0,,0,,,1,1,2,2,3,1,1,4,1,4,1,1,4,4,2,1,1,1,1,2,4,1,3,2,2,1,1,1,4,1,1,4,3,1,1,2,1,1,1,1,5,1,1,1,5,5,1,5,1,5,3,1,5,3,,,1,1,32,4,1,No,1
12/8/17 18:10,12/8/17 18:12,1,2722202,No,,,3860345,1,1,,,0,,0,,0,,,1,1,4,2,2,4,3,2,4,3,1,2,2,3,4,2,1,2,3,4,2,4,1,5,3,2,4,2,4,1,1,4,3,1,4,1,1,4,2,1,5,1,1,1,5,4,1,5,1,5,2,1,5,2,,,1,2,22,3,1,no,1
12/8/17 18:08,12/8/17 18:12,1,9848449,No,,,270393,1,1,,,0,,0,,0,,,1,1,3,2,1,1,3,1,1,3,1,1,1,4,3,1,1,1,3,1,1,1,1,5,1,3,4,1,4,1,1,1,4,1,1,3,1,1,1,1,5,1,1,1,5,2,1,1,1,5,1,1,5,1,,,5,2,43,3,1,,1
12/8/17 18:08,12/8/17 18:12,1,7899673,No,,,9826592,1,1,,,0,,0,,0,,,1,1,1,4,4,3,1,5,4,3,4,2,5,4,1,3,3,2,2,2,4,3,4,1,5,3,1,4,2,1,2,4,2,1,4,3,1,2,1,1,5,1,1,1,5,4,1,4,2,4,2,1,4,3,,,1,2,49,1,1,no,1
12/8/17 18:11,12/8/17 18:13,1,4413850,,1 year or more,,,1,1,no,1,1,1,1,1,0,,,1,0,,,,,,,,,,,,,,,,,,,,,,,,,,,,,,,,,,,,,,,,,,,,,,,,,,,,,,,,,,,,,
12/8/17 18:12,12/8/17 18:13,1,3581498,No,,,8850673,1,1,,,0,,0,,0,,,1,1,3,4,4,3,4,4,5,4,4,5,4,4,3,5,4,4,5,5,3,4,4,3,5,4,4,5,4,3,4,4,4,5,3,4,4,3,4,3,3,5,4,5,4,4,3,4,3,3,2,4,4,3,,,1,1,24,3,1,thanks!,1
12/8/17 18:07,12/8/17 18:13,1,9365647,No,,,3180980,1,1,,,1,1,0,,1,1,,1,1,4,2,2,3,2,2,4,2,2,2,3,2,4,2,2,2,4,3,1,4,2,4,3,2,4,2,4,1,1,4,3,2,5,3,2,2,1,1,3,1,1,2,4,4,1,5,2,4,2,2,3,2,,,7,1,33,2,1,No. Everything ran smoothly ,1
12/8/17 18:10,12/8/17 18:14,1,1110342,No,,,6697253,1,1,,,1,1,0,,0,,,1,1,4,2,1,2,2,1,2,5,1,1,1,2,4,2,1,1,4,3,1,4,1,4,2,1,5,4,3,2,1,3,4,1,2,5,1,2,1,1,5,1,1,1,5,4,1,4,1,5,1,1,5,4,,,1,1,30,1,1,None,1
12/8/17 18:11,12/8/17 18:15,1,4121556,No,,,6380772,1,1,,,0,,0,,0,,,1,1,1,3,1,2,1,4,1,4,2,1,1,4,4,1,1,1,3,2,5,1,4,2,1,1,2,2,3,1,1,2,5,1,2,3,1,2,1,1,5,1,1,1,5,3,1,2,1,5,1,1,5,3,,,1,1,37,2,1,no issues,1
12/8/17 18:12,12/8/17 18:15,1,5148131,No,,,6615640,1,1,,,1,1,0,,0,,,1,1,4,2,2,2,2,2,2,2,2,2,2,2,4,2,2,2,4,4,3,3,2,4,2,2,4,4,4,1,1,1,2,1,1,1,2,4,1,1,5,1,1,1,5,5,1,3,1,5,1,1,5,3,,,3,1,35,2,1,no,1
12/8/17 18:13,12/8/17 18:16,1,3685003,No,,,1761026,1,1,,,1,1,0,,0,,,1,1,3,3,4,3,3,3,3,4,3,2,3,3,3,2,2,2,3,3,3,4,2,4,3,3,4,3,5,1,1,4,3,1,4,3,1,2,1,1,5,1,1,1,5,4,1,4,2,5,2,2,5,3,,,3,1,19,2,1,No,1
12/8/17 18:13,12/8/17 18:16,1,433164,,1 year or more,,4894616,1,1,,,0,,1,1,0,,,1,1,5,2,2,5,5,2,5,2,2,2,2,2,5,2,2,2,5,5,2,5,2,5,2,2,5,2,5,2,2,5,5,2,5,2,2,2,1,1,5,1,1,1,5,5,1,5,1,5,1,1,5,1,6,9,1,2,35,3,1,None,1
12/8/17 18:14,12/8/17 18:17,1,2521136,No,,,6718560,1,1,,,0,,0,,0,,,1,1,4,2,2,4,3,1,5,2,1,1,1,1,4,1,1,1,5,5,1,5,1,5,1,1,4,2,5,1,1,5,5,1,5,1,1,1,1,1,5,1,1,1,5,5,1,5,1,5,1,1,5,1,,,2,1,27,3,1,no,1
12/8/17 18:13,12/8/17 18:18,1,1825163,No,,,7271600,1,1,,,0,,0,,0,,,1,1,2,3,2,4,2,2,3,2,1,2,2,2,4,1,2,1,4,2,2,4,2,4,2,2,4,2,5,1,1,5,3,1,5,2,1,2,1,1,5,1,1,1,5,5,1,5,1,5,2,1,5,5,,,1,2,55,3,1,"No, thanks for allowing me to participate!",1
12/8/17 18:13,12/8/17 18:18,1,3704875,No,,,4519875,1,1,,,1,1,0,,0,,,1,1,3,3,2,3,2,1,2,4,1,3,2,2,3,1,1,1,4,4,4,4,2,4,3,1,4,3,5,2,2,3,3,1,3,2,1,4,1,1,4,1,1,1,4,4,1,4,1,4,1,1,4,4,,,8,1,26,3,1,No,1
12/8/17 18:14,12/8/17 18:18,1,8625933,No,,,4022523,1,1,,,0,,0,,1,1,,1,1,3,3,2,2,2,2,3,4,2,2,3,2,3,2,2,2,2,3,3,3,2,2,3,2,3,2,4,2,1,3,4,1,3,1,1,2,1,1,5,1,1,1,5,5,1,5,1,5,1,1,5,1,,,7,1,26,4,1,,1
12/8/17 18:16,12/8/17 18:18,1,7395355,No,,,2526395,1,1,,,0,,0,,0,,,1,1,2,3,2,3,1,1,1,3,1,1,2,2,3,1,1,1,2,2,1,2,1,3,1,1,3,2,2,2,1,2,1,1,1,3,1,2,1,1,4,1,1,1,4,4,1,2,1,4,1,1,4,4,,,7,2,22,4,1,no,1
12/8/17 18:09,12/8/17 18:19,1,9729495,,1 year or more,,2912476,1,1,,,0,,1,1,0,,,1,1,3,4,3,4,2,2,4,3,2,2,4,4,3,2,1,2,2,4,4,5,2,3,4,2,4,3,5,2,2,3,5,1,4,3,1,2,1,1,5,1,1,1,5,4,1,4,2,5,2,1,5,4,2,4,7,2,40,4,1,,1
12/8/17 18:16,12/8/17 18:19,1,2273964,No,,,5957854,1,1,,,0,,0,,0,,,1,1,2,4,2,2,1,3,2,3,2,2,3,3,2,1,2,2,2,2,2,2,2,2,3,1,2,2,3,2,1,2,1,1,2,2,1,2,1,1,4,1,1,1,4,3,1,2,1,4,1,1,4,2,,,3,2,24,3,1,No issues,1
12/8/17 18:13,12/8/17 18:20,1,8592637,,1 year or more,,768291,1,1,,,1,1,1,1,1,1,,1,1,4,2,4,3,4,4,3,5,5,3,3,5,3,3,2,2,1,4,3,4,2,2,2,2,2,1,4,3,4,4,3,4,4,3,2,4,4,3,4,5,3,3,4,5,3,3,3,4,4,2,3,3,2,3,2,1,29,3,1,No,1
12/8/17 18:17,12/8/17 18:20,1,1830576,No,,,6569152,1,1,,,0,,0,,0,,,1,1,3,3,2,3,3,1,2,2,1,1,3,2,3,2,2,2,4,4,2,4,2,3,2,2,3,1,4,2,1,2,4,1,2,1,1,2,1,1,4,1,1,1,5,4,1,5,1,5,2,1,3,1,,,8,2,22,4,1,no,1
12/8/17 18:16,12/8/17 18:20,1,2709348,No,,,6854438,1,1,,,0,,0,,0,,,1,1,3,3,2,2,2,2,3,4,1,2,2,2,3,1,1,1,3,4,1,3,2,4,2,2,3,3,5,1,1,1,5,1,1,5,1,1,1,1,5,1,1,1,5,5,1,5,1,5,1,1,5,1,,,,,,,,,
12/8/17 18:15,12/8/17 18:21,1,6445899,No,,,7842001,1,1,,,0,,0,,0,,,1,1,4,2,2,5,4,2,5,2,2,3,2,2,4,1,1,2,4,5,2,4,2,4,2,2,4,2,4,1,1,4,5,1,5,2,1,2,,,,,,,,,,,,,,,,,,,,,,,,,
12/8/17 18:17,12/8/17 18:21,1,605769,No,,,5105690,1,1,,,0,,0,,0,,,1,1,2,3,2,3,1,3,3,4,1,2,3,3,3,2,2,2,3,3,4,3,2,3,3,2,3,3,,,,,,,,,,,,,,,,,,,,,,,,,,,,,,,,,,,
12/8/17 18:21,12/8/17 18:21,1,6073579,,,,,1,1,,,1,1,0,,,,,,,,,,,,,,,,,,,,,,,,,,,,,,,,,,,,,,,,,,,,,,,,,,,,,,,,,,,,,,,,,,,
12/8/17 18:24,12/8/17 18:25,1,4834509,,,,,1,1,,,0,,0,,,,,,,,,,,,,,,,,,,,,,,,,,,,,,,,,,,,,,,,,,,,,,,,,,,,,,,,,,,,,,,,,,,
12/8/17 18:24,12/8/17 18:26,1,5059619,,,,,1,1,,,0,,0,,,,,,,,,,,,,,,,,,,,,,,,,,,,,,,,,,,,,,,,,,,,,,,,,,,,,,,,,,,,,,,,,,,
12/8/17 18:26,12/8/17 18:27,1,3742078,,,,,1,1,,,1,1,0,,,,,,,,,,,,,,,,,,,,,,,,,,,,,,,,,,,,,,,,,,,,,,,,,,,,,,,,,,,,,,,,,,,
12/8/17 18:27,12/8/17 18:28,1,8702867,,,,,1,1,,,1,1,0,,,,,,,,,,,,,,,,,,,,,,,,,,,,,,,,,,,,,,,,,,,,,,,,,,,,,,,,,,,,,,,,,,,
12/8/17 18:28,12/8/17 18:29,1,3940794,,,,,1,1,,,1,1,0,,,,,,,,,,,,,,,,,,,,,,,,,,,,,,,,,,,,,,,,,,,,,,,,,,,,,,,,,,,,,,,,,,,
12/8/17 18:33,12/8/17 18:33,1,8643445,,,,,1,1,,,0,,0,,,,,,,,,,,,,,,,,,,,,,,,,,,,,,,,,,,,,,,,,,,,,,,,,,,,,,,,,,,,,,,,,,,
12/8/17 18:34,12/8/17 18:34,1,7356501,,,,,1,1,,,1,1,0,,,,,,,,,,,,,,,,,,,,,,,,,,,,,,,,,,,,,,,,,,,,,,,,,,,,,,,,,,,,,,,,,,,
12/8/17 18:49,12/8/17 18:51,1,3455212,,,,,1,1,,,1,1,0,,,,,,,,,,,,,,,,,,,,,,,,,,,,,,,,,,,,,,,,,,,,,,,,,,,,,,,,,,,,,,,,,,,
12/8/17 18:54,12/8/17 18:54,1,2284139,,,,,1,1,,,1,0,0,,,,,,,,,,,,,,,,,,,,,,,,,,,,,,,,,,,,,,,,,,,,,,,,,,,,,,,,,,,,,,,,,,,
12/8/17 18:59,12/8/17 18:59,1,6431348,,,,,1,1,,,0,,0,,,,,,,,,,,,,,,,,,,,,,,,,,,,,,,,,,,,,,,,,,,,,,,,,,,,,,,,,,,,,,,,,,,
12/8/17 19:16,12/8/17 19:16,1,3816536,,,,,1,1,,,0,,0,,,,,,,,,,,,,,,,,,,,,,,,,,,,,,,,,,,,,,,,,,,,,,,,,,,,,,,,,,,,,,,,,,,
12/8/17 20:29,12/8/17 20:29,1,7028803,,,,,1,1,,,1,1,0,,,,,,,,,,,,,,,,,,,,,,,,,,,,,,,,,,,,,,,,,,,,,,,,,,,,,,,,,,,,,,,,,,,
12/8/17 20:32,12/8/17 20:33,1,6529042,,,,,1,1,,,1,0,0,,,,,,,,,,,,,,,,,,,,,,,,,,,,,,,,,,,,,,,,,,,,,,,,,,,,,,,,,,,,,,,,,,,
12/9/17 9:28,12/9/17 9:31,1,445968,No,,,8660533,1,1,,,0,,0,,0,,,1,1,3,2,2,3,1,1,2,3,1,2,2,2,4,1,1,2,4,3,1,2,2,4,2,2,4,2,2,1,1,3,2,1,3,2,1,2,1,1,5,1,1,1,5,4,1,3,1,5,1,1,5,3,,,1,1,43,2,1,none,1
12/9/17 9:29,12/9/17 9:31,1,4517373,No,,,419428,1,1,,,0,,0,,1,1,,1,1,2,4,2,2,1,2,2,3,1,2,3,2,4,1,2,2,4,3,2,3,2,4,3,1,4,3,5,1,1,3,5,1,3,3,1,2,1,1,5,1,1,1,5,5,1,3,1,5,2,1,5,2,,,1,1,33,3,1,none,1
12/9/17 9:31,12/9/17 9:31,1,1285352,No,,,,1,1,,1,0,,0,,0,,,1,0,,,,,,,,,,,,,,,,,,,,,,,,,,,,,,,,,,,,,,,,,,,,,,,,,,,,,,,,,,,,,
12/9/17 9:28,12/9/17 9:32,1,2869039,No,,,3986623,1,1,,,0,,0,,0,,,1,1,2,2,2,3,1,3,2,2,2,2,3,3,2,2,2,2,2,2,4,3,3,2,3,2,2,3,4,2,1,4,2,2,4,2,1,2,2,2,3,1,2,2,4,4,2,4,2,4,2,1,4,3,,,1,1,48,3,1,no,1
12/9/17 9:31,12/9/17 9:32,1,7952034,No,,,,1,1,No I did not.,1,1,1,0,,1,0,,1,0,,,,,,,,,,,,,,,,,,,,,,,,,,,,,,,,,,,,,,,,,,,,,,,,,,,,,,,,,,,,,
12/9/17 9:29,12/9/17 9:33,1,9726329,,1 year or more,,6742404,1,1,,,0,,1,1,0,,,1,1,2,3,4,2,1,2,2,4,3,1,4,4,2,1,2,2,1,2,4,2,4,2,3,2,1,2,3,2,1,2,3,1,3,4,1,2,1,1,5,1,1,1,5,4,1,3,1,5,3,1,5,3,3,3,7,1,41,3,1,No,1
12/9/17 9:28,12/9/17 9:33,1,5283078,,1 year or more,,1101235,1,1,,,0,,1,1,0,,,1,1,2,3,2,4,2,4,4,4,2,2,3,3,3,2,2,2,3,3,4,4,4,2,3,2,3,4,3,2,1,4,3,2,5,3,1,2,1,2,4,1,1,1,4,4,1,5,1,4,2,1,5,2,2,1,1,1,31,2,1,No,1
12/9/17 9:33,12/9/17 9:34,1,3530569,,,,,1,0,No.,1,,,,,,,,,,,,,,,,,,,,,,,,,,,,,,,,,,,,,,,,,,,,,,,,,,,,,,,,,,,,,,,,,,,,,,
12/9/17 9:30,12/9/17 9:35,1,5821404,No,,,9811483,1,1,,,0,,0,,0,,,1,1,2,2,1,1,2,1,1,4,1,1,1,2,4,2,1,1,4,1,1,1,1,4,1,2,4,2,2,1,1,1,2,1,1,4,1,1,1,1,5,1,1,1,5,1,1,1,1,5,1,1,5,2,,,1,1,28,3,1,,1
12/9/17 9:30,12/9/17 9:35,1,6334308,No,,,8906254,1,1,,,1,1,0,,1,1,,1,1,4,3,2,2,4,3,4,5,3,2,3,2,3,2,2,1,5,3,2,4,2,4,3,1,5,2,5,2,1,2,5,1,3,3,1,2,1,1,5,1,1,1,5,3,1,5,1,5,2,1,5,3,,,1,2,33,4,1,No,1
12/9/17 9:34,12/9/17 9:39,1,76596,No,,,3922098,1,1,,,0,,0,,0,,,1,1,4,2,2,3,1,1,4,1,2,2,2,2,4,2,2,1,4,4,1,4,1,4,2,2,4,2,4,2,1,5,2,1,5,3,1,3,1,1,5,1,1,1,5,5,1,5,1,5,1,1,5,3,,,1,2,60,1,1,N/A,1
12/9/17 9:34,12/9/17 9:40,1,3111372,No,,,557786,1,1,,,0,,0,,0,,,1,1,4,2,1,2,1,2,2,4,1,2,2,2,4,1,1,1,4,1,1,2,1,4,2,2,4,2,5,1,1,1,2,1,2,4,1,2,1,1,5,1,1,1,5,2,1,2,1,5,1,1,5,2,,,1,1,46,2,1,No issues.,1
12/9/17 9:38,12/9/17 9:41,1,5665057,,1 year or more,,1428190,1,1,,,0,,1,1,0,,,1,1,2,4,3,4,4,3,4,4,4,2,4,2,3,1,2,2,3,3,5,3,4,2,3,2,2,3,4,2,1,3,5,2,3,3,2,2,1,1,4,1,1,1,5,5,1,4,2,4,1,1,5,3,5,2,7,1,23,2,1,No,1
12/9/17 9:40,12/9/17 9:43,1,8362968,,1 year or more,,5040837,1,1,,,0,,1,1,0,,,1,1,3,4,2,3,2,1,5,4,2,1,2,1,4,1,1,1,4,5,1,5,2,4,2,2,4,4,3,4,1,4,2,1,5,4,1,1,1,1,4,1,1,1,4,5,1,5,2,4,2,1,4,4,2,4,7,1,30,4,1,None!,1
12/9/17 9:40,12/9/17 9:43,1,7049546,No,,,8703998,1,1,,,0,,0,,1,1,,1,1,3,3,2,3,2,2,4,2,1,2,2,2,3,2,2,2,3,3,2,4,2,4,3,2,3,2,4,2,1,3,4,1,4,2,1,2,1,1,3,1,1,1,4,4,1,4,1,4,1,1,4,1,,,1,1,35,3,1,,1
12/9/17 9:43,12/9/17 9:46,1,3731964,No,,,8984696,1,1,,,1,0,0,,0,,,1,1,3,4,2,1,1,1,1,2,1,1,2,3,2,2,3,3,2,3,2,2,1,3,2,2,1,2,3,3,2,1,1,1,1,2,1,1,2,2,2,2,2,3,3,2,1,2,1,1,1,1,1,1,,,8,1,27,3,1,None.,1
12/9/17 9:42,12/9/17 9:46,1,2820674,No,,,7124734,1,1,,,1,1,0,,0,,,1,1,2,4,4,3,2,5,2,5,2,2,5,5,2,2,3,3,2,2,3,2,3,2,4,4,1,1,4,1,1,3,5,1,1,3,1,1,1,1,5,1,1,1,5,3,1,5,1,5,1,1,5,1,,,1,1,28,3,1,None,1
12/9/17 9:42,12/9/17 9:46,1,9155676,No,,,2150168,1,1,,,1,1,0,,0,,,1,1,3,2,2,4,4,2,2,2,2,4,2,2,4,1,1,1,4,4,2,4,2,4,2,2,4,3,5,2,2,4,4,1,4,2,1,4,1,1,5,1,1,1,5,5,1,5,1,5,1,1,5,1,,,1,1,29,4,1,No issues,1
12/9/17 9:46,12/9/17 9:48,1,6475767,No,,,,1,1,i like,1,0,,0,,1,1,,1,0,,,,,,,,,,,,,,,,,,,,,,,,,,,,,,,,,,,,,,,,,,,,,,,,,,,,,,,,,,,,,
12/9/17 9:40,12/9/17 9:48,1,4226260,No,,,8983242,1,1,,,0,,0,,0,,,1,1,2,3,2,4,2,1,4,3,2,2,2,4,3,1,2,2,3,4,2,4,3,2,2,2,3,3,4,2,1,5,4,1,5,3,2,2,1,1,4,1,1,1,5,5,1,5,2,4,2,1,5,2,,,1,2,59,3,1,No,1
12/9/17 9:49,12/9/17 9:50,1,4140210,No,,,,1,1,I did not.,1,0,,0,,0,,,1,0,,,,,,,,,,,,,,,,,,,,,,,,,,,,,,,,,,,,,,,,,,,,,,,,,,,,,,,,,,,,,
12/9/17 9:46,12/9/17 9:50,1,4246950,No,,,431936,1,1,,,0,,0,,0,,,1,1,2,2,2,3,2,2,3,3,2,2,3,3,3,2,2,2,2,4,2,3,2,4,4,2,3,2,3,2,1,3,2,1,4,3,1,2,1,1,4,1,1,1,4,4,1,4,1,5,2,2,4,2,,,1,2,59,2,1,no,1
12/9/17 9:47,12/9/17 9:50,1,7446197,,,,,1,1,,,0,,0,,,,,,,,,,,,,,,,,,,,,,,,,,,,,,,,,,,,,,,,,,,,,,,,,,,,,,,,,,,,,,,,,,,
12/9/17 9:48,12/9/17 9:50,1,5856752,No,,,3146050,1,1,,,0,,0,,0,,,1,1,3,2,2,4,2,2,2,5,1,2,3,2,4,1,1,1,4,4,1,3,1,4,2,1,4,4,5,1,1,5,5,1,5,3,1,3,1,1,5,1,1,1,5,5,1,5,1,5,1,1,5,5,,,,,,,,,
12/9/17 9:33,12/9/17 9:51,1,8421989,No,,,8825796,1,1,,,0,,0,,0,,,1,1,2,4,3,2,2,2,4,3,2,2,,,,,,,,,,,,,,,,,,,,,,,,,,,,,,,,,,,,,,,,,,,,,,,,,,,
12/9/17 9:48,12/9/17 9:51,1,5569179,No,,,346894,1,1,,,0,,0,,0,,,1,1,,,,,,,,,,,,,,,,,,,,,,,,,,,,,,,,,,,,,,,,,,,,,,,,,,,,,,,,,,,,,
12/9/17 9:53,12/9/17 9:54,1,6581838,,,,,1,1,,,0,,0,,,,,,,,,,,,,,,,,,,,,,,,,,,,,,,,,,,,,,,,,,,,,,,,,,,,,,,,,,,,,,,,,,,
12/9/17 9:54,12/9/17 9:54,1,6744506,,,,,1,1,,,0,,0,,,,,,,,,,,,,,,,,,,,,,,,,,,,,,,,,,,,,,,,,,,,,,,,,,,,,,,,,,,,,,,,,,,
12/9/17 9:57,12/9/17 9:58,1,6674215,,,,,1,1,,,0,,0,,,,,,,,,,,,,,,,,,,,,,,,,,,,,,,,,,,,,,,,,,,,,,,,,,,,,,,,,,,,,,,,,,,
12/9/17 9:59,12/9/17 9:59,1,1858544,,,,,1,1,,,0,,0,,,,,,,,,,,,,,,,,,,,,,,,,,,,,,,,,,,,,,,,,,,,,,,,,,,,,,,,,,,,,,,,,,,
12/9/17 10:05,12/9/17 10:05,1,7381716,,,,,1,1,,,0,,0,,,,,,,,,,,,,,,,,,,,,,,,,,,,,,,,,,,,,,,,,,,,,,,,,,,,,,,,,,,,,,,,,,,
12/9/17 10:01,12/9/17 10:08,1,2684046,,1 year or more,,503480,1,1,,,0,,1,1,0,,,1,1,3,3,2,4,2,2,4,2,1,2,2,2,3,1,2,2,3,4,2,4,2,3,2,2,4,2,4,1,1,3,3,1,5,3,1,3,1,1,5,1,1,2,5,4,1,5,1,5,2,1,5,4,4,5,2,2,32,3,1,,1
12/9/17 10:09,12/9/17 10:09,1,9021757,,,,,1,1,,,0,,0,,,,,,,,,,,,,,,,,,,,,,,,,,,,,,,,,,,,,,,,,,,,,,,,,,,,,,,,,,,,,,,,,,,
12/9/17 10:09,12/9/17 10:10,1,8600508,,,,,1,1,,,0,,0,,,,,,,,,,,,,,,,,,,,,,,,,,,,,,,,,,,,,,,,,,,,,,,,,,,,,,,,,,,,,,,,,,,
12/9/17 10:14,12/9/17 10:15,1,1649679,,,,,1,1,,,0,,0,,,,,,,,,,,,,,,,,,,,,,,,,,,,,,,,,,,,,,,,,,,,,,,,,,,,,,,,,,,,,,,,,,,
12/9/17 10:15,12/9/17 10:15,1,5817677,,,,,1,1,,,1,0,0,,,,,,,,,,,,,,,,,,,,,,,,,,,,,,,,,,,,,,,,,,,,,,,,,,,,,,,,,,,,,,,,,,,
12/9/17 10:17,12/9/17 10:19,1,8416493,,,,,1,1,,,1,0,0,,,,,,,,,,,,,,,,,,,,,,,,,,,,,,,,,,,,,,,,,,,,,,,,,,,,,,,,,,,,,,,,,,,
12/9/17 10:20,12/9/17 10:21,1,6947276,,,,,1,1,,,1,0,0,,,,,,,,,,,,,,,,,,,,,,,,,,,,,,,,,,,,,,,,,,,,,,,,,,,,,,,,,,,,,,,,,,,
12/9/17 10:19,12/9/17 10:21,1,4735494,,,,,1,1,,,0,,0,,,,,,,,,,,,,,,,,,,,,,,,,,,,,,,,,,,,,,,,,,,,,,,,,,,,,,,,,,,,,,,,,,,
12/9/17 10:31,12/9/17 10:36,1,7345561,,1 year or more,,3505170,1,1,,,0,,1,1,0,,,1,1,3,2,1,2,1,1,3,4,1,2,3,1,2,1,1,1,2,4,1,3,1,3,2,1,4,2,5,1,1,2,2,1,2,3,1,2,1,1,5,1,1,1,5,3,1,2,1,5,2,1,5,3,2,6,1,2,29,1,1,"No I did not, thank you.",1
12/9/17 10:35,12/9/17 10:42,1,730811,,1 year or more,,5940040,1,1,,,0,,1,1,0,,,1,1,2,2,2,3,1,1,3,3,1,2,2,2,3,1,2,1,3,3,2,3,1,3,2,2,3,2,2,2,2,4,1,1,4,2,1,2,1,2,3,1,1,1,4,5,1,5,2,4,2,1,5,3,5,7,1,2,53,4,1,"None, good luck with your work!  I'm zen buddhist, btw",1
12/9/17 10:55,12/9/17 10:56,1,7022122,,,,,1,1,,,0,,0,,,,,,,,,,,,,,,,,,,,,,,,,,,,,,,,,,,,,,,,,,,,,,,,,,,,,,,,,,,,,,,,,,,
12/9/17 11:18,12/9/17 11:24,1,7092626,,1 year or more,,866421,1,1,,,0,,1,1,0,,,1,1,3,5,2,2,1,2,4,4,2,2,5,4,2,3,3,2,1,3,2,5,2,2,4,3,2,2,3,2,1,4,2,1,5,3,2,2,1,1,4,1,1,1,4,4,1,5,2,4,3,1,5,3,3,2,1,2,41,4,1,None,1
12/9/17 11:32,12/9/17 11:34,1,801077,,,,,1,1,,,1,1,0,,,,,,,,,,,,,,,,,,,,,,,,,,,,,,,,,,,,,,,,,,,,,,,,,,,,,,,,,,,,,,,,,,,
12/9/17 11:34,12/9/17 11:34,1,3342321,,,,,1,1,,,1,1,0,,,,,,,,,,,,,,,,,,,,,,,,,,,,,,,,,,,,,,,,,,,,,,,,,,,,,,,,,,,,,,,,,,,
12/9/17 11:37,12/9/17 11:38,1,4910467,,,,,1,1,,,1,1,0,,,,,,,,,,,,,,,,,,,,,,,,,,,,,,,,,,,,,,,,,,,,,,,,,,,,,,,,,,,,,,,,,,,
12/9/17 11:38,12/9/17 11:38,1,8363807,,,,,1,1,,,0,,0,,,,,,,,,,,,,,,,,,,,,,,,,,,,,,,,,,,,,,,,,,,,,,,,,,,,,,,,,,,,,,,,,,,
12/9/17 14:50,12/9/17 14:51,1,2772862,,,less than 1 year,,1,1,There were no issues with this survey.,1,1,1,1,0,0,,1,,,,,,,,,,,,,,,,,,,,,,,,,,,,,,,,,,,,,,,,,,,,,,,,,,,,,,,,,,,,,,,
12/9/17 14:51,12/9/17 14:53,1,6762584,No,,,2040106,1,1,,,0,,0,,0,,,1,1,3,2,2,3,2,1,3,2,2,1,4,2,2,1,1,1,2,2,2,3,2,3,3,2,3,2,3,1,1,3,2,1,4,1,1,1,1,1,5,1,1,1,5,5,1,5,1,5,1,1,5,3,,,1,2,25,1,1,No issues at all,1
12/9/17 14:51,12/9/17 14:53,1,4136965,No,,,474243,1,1,,,1,0,0,,0,,,1,1,3,2,2,2,2,2,2,2,2,1,2,2,3,2,2,2,2,2,2,2,2,2,2,2,2,2,4,1,1,2,4,1,4,2,1,2,,,,,,,,,,,,,,,,,,,,,,,,,
12/9/17 14:53,12/9/17 14:53,1,9173246,,,,,1,1,,,1,1,0,,,,,,,,,,,,,,,,,,,,,,,,,,,,,,,,,,,,,,,,,,,,,,,,,,,,,,,,,,,,,,,,,,,
12/9/17 14:51,12/9/17 14:53,1,785830,No,,,7838027,1,1,,,0,,0,,0,,,1,1,4,3,3,2,2,1,2,2,1,2,,,,,,,,,,,,,,,,,,,,,,,,,,,,,,,,,,,,,,,,,,,,,,,,,,,
12/9/17 14:50,12/9/17 14:53,1,2422969,No,,,5375223,1,1,,,0,,0,,0,,,1,1,2,3,2,2,1,3,2,4,2,2,2,2,3,2,2,2,3,2,1,2,2,2,2,2,3,3,3,2,1,3,2,1,2,3,1,2,1,1,4,1,1,1,4,4,,,,,,,,,,,,,,,,,
12/9/17 14:53,12/9/17 14:54,1,737637,,,,,1,1,,,0,,0,,,,,,,,,,,,,,,,,,,,,,,,,,,,,,,,,,,,,,,,,,,,,,,,,,,,,,,,,,,,,,,,,,,
12/9/17 14:54,12/9/17 14:54,1,4794824,,,,,1,1,,,0,,0,,,,,,,,,,,,,,,,,,,,,,,,,,,,,,,,,,,,,,,,,,,,,,,,,,,,,,,,,,,,,,,,,,,
12/9/17 14:53,12/9/17 14:54,1,3788924,,,,,1,1,,,0,,0,,,,,,,,,,,,,,,,,,,,,,,,,,,,,,,,,,,,,,,,,,,,,,,,,,,,,,,,,,,,,,,,,,,
12/9/17 14:53,12/9/17 14:56,1,3372790,,,,,1,1,,,1,0,0,,,,,,,,,,,,,,,,,,,,,,,,,,,,,,,,,,,,,,,,,,,,,,,,,,,,,,,,,,,,,,,,,,,
12/9/17 14:55,12/9/17 14:57,1,4931758,,,,,1,1,,,0,,0,,,,,,,,,,,,,,,,,,,,,,,,,,,,,,,,,,,,,,,,,,,,,,,,,,,,,,,,,,,,,,,,,,,
12/9/17 14:59,12/9/17 15:00,1,9805450,,,,,1,1,,,1,1,0,,,,,,,,,,,,,,,,,,,,,,,,,,,,,,,,,,,,,,,,,,,,,,,,,,,,,,,,,,,,,,,,,,,
12/9/17 14:59,12/9/17 15:00,1,5560512,,,,,1,1,,,0,,0,,,,,,,,,,,,,,,,,,,,,,,,,,,,,,,,,,,,,,,,,,,,,,,,,,,,,,,,,,,,,,,,,,,
12/9/17 15:02,12/9/17 15:02,1,7734372,,,,,1,1,,,0,,0,,,,,,,,,,,,,,,,,,,,,,,,,,,,,,,,,,,,,,,,,,,,,,,,,,,,,,,,,,,,,,,,,,,
12/9/17 15:02,12/9/17 15:03,1,6731217,,,,,1,1,,,0,,0,,,,,,,,,,,,,,,,,,,,,,,,,,,,,,,,,,,,,,,,,,,,,,,,,,,,,,,,,,,,,,,,,,,
12/9/17 15:00,12/9/17 15:04,1,1591867,,1 year or more,,4013193,1,1,,,0,,1,1,0,,,1,1,3,3,2,4,1,3,4,4,1,2,3,2,3,1,2,1,3,3,2,3,2,2,3,2,3,3,4,2,1,3,3,1,3,3,1,2,1,1,4,1,1,1,4,4,1,5,1,5,3,1,5,4,4,7,4,2,29,4,1,No.,1
12/9/17 15:04,12/9/17 15:05,1,6501136,,,,,1,1,,,0,,0,,,,,,,,,,,,,,,,,,,,,,,,,,,,,,,,,,,,,,,,,,,,,,,,,,,,,,,,,,,,,,,,,,,
12/9/17 15:06,12/9/17 15:07,1,4480782,,,,,1,1,,,0,,0,,,,,,,,,,,,,,,,,,,,,,,,,,,,,,,,,,,,,,,,,,,,,,,,,,,,,,,,,,,,,,,,,,,
12/9/17 15:07,12/9/17 15:07,1,1801445,,,,,1,1,,,0,,0,,,,,,,,,,,,,,,,,,,,,,,,,,,,,,,,,,,,,,,,,,,,,,,,,,,,,,,,,,,,,,,,,,,
12/9/17 15:07,12/9/17 15:07,1,1702049,,,,,1,1,,,0,,0,,,,,,,,,,,,,,,,,,,,,,,,,,,,,,,,,,,,,,,,,,,,,,,,,,,,,,,,,,,,,,,,,,,
12/9/17 15:09,12/9/17 15:10,1,4888246,,,,,1,1,,,1,1,0,,,,,,,,,,,,,,,,,,,,,,,,,,,,,,,,,,,,,,,,,,,,,,,,,,,,,,,,,,,,,,,,,,,
12/9/17 15:11,12/9/17 15:11,1,2356321,,,,,1,1,,,1,1,0,,,,,,,,,,,,,,,,,,,,,,,,,,,,,,,,,,,,,,,,,,,,,,,,,,,,,,,,,,,,,,,,,,,
12/9/17 15:11,12/9/17 15:11,1,3725880,,,,,1,1,,,0,,0,,,,,,,,,,,,,,,,,,,,,,,,,,,,,,,,,,,,,,,,,,,,,,,,,,,,,,,,,,,,,,,,,,,
12/9/17 15:11,12/9/17 15:12,1,1872241,,,,,1,1,,,0,,0,,,,,,,,,,,,,,,,,,,,,,,,,,,,,,,,,,,,,,,,,,,,,,,,,,,,,,,,,,,,,,,,,,,
12/9/17 15:11,12/9/17 15:14,1,4899276,,1 year or more,,691054,1,1,,,0,,1,1,0,,,1,1,2,4,3,3,2,4,3,4,1,1,3,4,3,2,1,2,3,4,4,3,3,2,4,2,4,3,4,2,1,2,4,1,3,4,1,2,1,1,5,1,1,1,4,4,2,4,1,4,2,1,5,5,2,3,1,2,27,2,1,,1
12/9/17 15:09,12/9/17 15:14,1,2387416,,1 year or more,,5926671,1,1,,,0,,1,1,0,,,1,1,2,3,3,4,2,2,5,4,2,2,2,2,4,1,2,1,4,3,2,5,2,3,3,2,4,3,4,2,1,4,4,1,5,3,1,3,1,1,4,1,1,1,4,5,1,5,1,5,1,1,4,3,3,4,1,1,39,2,1,No,1
12/9/17 15:15,12/9/17 15:15,1,9233446,,,,,1,1,,,0,,0,,,,,,,,,,,,,,,,,,,,,,,,,,,,,,,,,,,,,,,,,,,,,,,,,,,,,,,,,,,,,,,,,,,
12/9/17 15:18,12/9/17 15:19,1,3127206,,,,,1,1,,,0,,0,,,,,,,,,,,,,,,,,,,,,,,,,,,,,,,,,,,,,,,,,,,,,,,,,,,,,,,,,,,,,,,,,,,
12/9/17 15:19,12/9/17 15:20,1,8540584,,,,,1,1,,,1,1,0,,,,,,,,,,,,,,,,,,,,,,,,,,,,,,,,,,,,,,,,,,,,,,,,,,,,,,,,,,,,,,,,,,,
12/9/17 15:19,12/9/17 15:20,1,6403718,,,,,1,1,,,0,,0,,,,,,,,,,,,,,,,,,,,,,,,,,,,,,,,,,,,,,,,,,,,,,,,,,,,,,,,,,,,,,,,,,,
12/9/17 15:21,12/9/17 15:21,1,1347725,,,,,1,1,,,0,,0,,,,,,,,,,,,,,,,,,,,,,,,,,,,,,,,,,,,,,,,,,,,,,,,,,,,,,,,,,,,,,,,,,,
12/9/17 15:22,12/9/17 15:22,1,7192018,,,,,1,1,,,0,,0,,,,,,,,,,,,,,,,,,,,,,,,,,,,,,,,,,,,,,,,,,,,,,,,,,,,,,,,,,,,,,,,,,,
12/9/17 15:22,12/9/17 15:23,1,4647019,,,,,1,1,,,0,,0,,,,,,,,,,,,,,,,,,,,,,,,,,,,,,,,,,,,,,,,,,,,,,,,,,,,,,,,,,,,,,,,,,,
12/9/17 15:23,12/9/17 15:24,1,5636938,,,,,1,1,,,0,,0,,,,,,,,,,,,,,,,,,,,,,,,,,,,,,,,,,,,,,,,,,,,,,,,,,,,,,,,,,,,,,,,,,,
12/9/17 15:28,12/9/17 15:28,1,8452328,,,,,1,1,,,1,1,0,,,,,,,,,,,,,,,,,,,,,,,,,,,,,,,,,,,,,,,,,,,,,,,,,,,,,,,,,,,,,,,,,,,
12/9/17 15:28,12/9/17 15:29,1,2796524,,,,,1,1,,,0,,0,,,,,,,,,,,,,,,,,,,,,,,,,,,,,,,,,,,,,,,,,,,,,,,,,,,,,,,,,,,,,,,,,,,
12/9/17 15:25,12/9/17 15:31,1,8897505,,1 year or more,,3379657,1,1,,,1,1,1,1,0,,,1,1,3,4,2,2,2,3,3,4,1,2,3,2,4,1,1,2,3,2,2,4,1,4,1,2,3,4,4,2,1,1,3,2,4,2,1,2,1,1,4,1,1,1,4,4,1,4,1,5,1,1,4,3,5,12,3,2,22,1,1,No.,1
12/9/17 15:39,12/9/17 15:39,1,7238817,,,,,1,1,,,1,1,0,,,,,,,,,,,,,,,,,,,,,,,,,,,,,,,,,,,,,,,,,,,,,,,,,,,,,,,,,,,,,,,,,,,
12/9/17 15:43,12/9/17 15:46,1,2955385,,1 year or more,,1879351,1,1,,,0,,1,1,0,,,1,1,3,2,2,3,3,1,2,4,2,2,2,3,4,2,2,2,4,3,1,3,1,4,2,2,4,3,4,1,1,3,3,1,3,4,1,1,1,1,4,1,1,1,4,3,1,4,1,4,2,1,5,4,2,4,1,1,46,3,1,None,1
12/9/17 15:45,12/9/17 15:46,1,6548041,,,,,1,1,,,0,,0,,,,,,,,,,,,,,,,,,,,,,,,,,,,,,,,,,,,,,,,,,,,,,,,,,,,,,,,,,,,,,,,,,,
12/9/17 15:49,12/9/17 15:50,1,1795144,,,less than 1 year,,1,1,no,1,1,1,1,0,0,,1,,,,,,,,,,,,,,,,,,,,,,,,,,,,,,,,,,,,,,,,,,,,,,,,,,,,,,,,,,,,,,,
12/9/17 17:02,12/9/17 17:02,1,9556993,,,,,1,1,,,0,,0,,,,,,,,,,,,,,,,,,,,,,,,,,,,,,,,,,,,,,,,,,,,,,,,,,,,,,,,,,,,,,,,,,,
12/9/17 16:59,12/9/17 17:03,1,4372734,,,,,1,1,,,0,,0,,,,,,,,,,,,,,,,,,,,,,,,,,,,,,,,,,,,,,,,,,,,,,,,,,,,,,,,,,,,,,,,,,,
12/9/17 17:04,12/9/17 17:04,1,3082456,,,,,1,1,,,1,1,0,,,,,,,,,,,,,,,,,,,,,,,,,,,,,,,,,,,,,,,,,,,,,,,,,,,,,,,,,,,,,,,,,,,
12/9/17 17:44,12/9/17 17:45,1,7533276,,,,,1,1,,,0,,0,,,,,,,,,,,,,,,,,,,,,,,,,,,,,,,,,,,,,,,,,,,,,,,,,,,,,,,,,,,,,,,,,,,
12/9/17 17:49,12/9/17 17:52,1,1046591,No,,,9066523,1,1,,,0,,0,,0,,,1,1,4,2,2,1,4,2,2,5,1,3,4,2,3,1,1,2,3,1,5,3,1,3,2,1,3,2,4,1,1,4,2,1,3,4,2,3,1,1,4,1,2,1,3,2,1,3,1,5,2,1,2,3,,,1,1,26,4,1,,1
12/9/17 17:50,12/9/17 17:52,1,3399036,No,,,219720,1,1,,,1,1,0,,1,0,,1,1,5,1,4,5,1,5,5,1,5,5,1,5,5,4,4,4,2,4,5,1,5,5,4,4,1,5,,,,,,,,,,,,,,,,,,,,,,,,,,,,,,,,,,,
12/9/17 17:51,12/9/17 17:52,1,6013124,No,,,7783927,1,1,,,1,1,0,,0,,,1,1,4,2,3,4,4,2,3,3,3,3,3,2,3,2,2,2,3,4,2,3,2,4,3,2,3,3,,,,,,,,,,,,,,,,,,,,,,,,,,,,,,,,,,,
12/9/17 17:49,12/9/17 17:52,1,5368318,No,,,3476990,1,1,,,0,,0,,0,,,1,1,3,2,2,3,3,2,3,4,2,2,2,2,5,1,2,2,5,3,3,2,2,4,2,1,5,2,4,2,1,3,4,1,2,3,1,2,1,1,4,1,1,2,5,4,,,,,,,,,,,,,,,,,
12/9/17 17:51,12/9/17 17:52,1,4990753,No,,,,1,1,,,0,,0,,0,,,,,,,,,,,,,,,,,,,,,,,,,,,,,,,,,,,,,,,,,,,,,,,,,,,,,,,,,,,,,,,,,
12/9/17 17:50,12/9/17 17:52,1,8812902,No,,,9835025,1,1,,,0,,0,,0,,,1,1,,,,,,,,,,,,,,,,,,,,,,,,,,,,,,,,,,,,,,,,,,,,,,,,,,,,,,,,,,,,,
12/9/17 17:51,12/9/17 17:52,1,7626090,No,,,1397200,1,1,,,0,,0,,0,,,1,1,,,,,,,,,,,,,,,,,,,,,,,,,,,,,,,,,,,,,,,,,,,,,,,,,,,,,,,,,,,,,
12/9/17 17:54,12/9/17 17:54,1,6658534,,,,,1,1,,,1,1,0,,,,,,,,,,,,,,,,,,,,,,,,,,,,,,,,,,,,,,,,,,,,,,,,,,,,,,,,,,,,,,,,,,,
12/9/17 17:54,12/9/17 17:55,1,9634294,,,less than 1 year,,1,1,no,1,0,,1,0,0,,1,,,,,,,,,,,,,,,,,,,,,,,,,,,,,,,,,,,,,,,,,,,,,,,,,,,,,,,,,,,,,,,
12/9/17 17:54,12/9/17 17:55,1,7933167,,,,,1,1,,,0,,0,,,,,,,,,,,,,,,,,,,,,,,,,,,,,,,,,,,,,,,,,,,,,,,,,,,,,,,,,,,,,,,,,,,
12/9/17 17:55,12/9/17 17:56,1,5299415,,,,,1,1,,,1,1,0,,,,,,,,,,,,,,,,,,,,,,,,,,,,,,,,,,,,,,,,,,,,,,,,,,,,,,,,,,,,,,,,,,,
12/9/17 17:56,12/9/17 17:57,1,3601834,,,,,1,1,,,0,,0,,,,,,,,,,,,,,,,,,,,,,,,,,,,,,,,,,,,,,,,,,,,,,,,,,,,,,,,,,,,,,,,,,,
12/9/17 17:56,12/9/17 17:57,1,5556156,,,,,1,1,,,1,1,0,,,,,,,,,,,,,,,,,,,,,,,,,,,,,,,,,,,,,,,,,,,,,,,,,,,,,,,,,,,,,,,,,,,
12/9/17 17:59,12/9/17 18:00,1,8648911,,,,,1,1,,,1,1,0,,,,,,,,,,,,,,,,,,,,,,,,,,,,,,,,,,,,,,,,,,,,,,,,,,,,,,,,,,,,,,,,,,,
12/9/17 17:51,12/9/17 18:00,1,9264776,,,,,1,1,,,0,,0,,,,,,,,,,,,,,,,,,,,,,,,,,,,,,,,,,,,,,,,,,,,,,,,,,,,,,,,,,,,,,,,,,,
12/9/17 18:00,12/9/17 18:00,1,8059035,,,,,1,1,,,1,1,0,,,,,,,,,,,,,,,,,,,,,,,,,,,,,,,,,,,,,,,,,,,,,,,,,,,,,,,,,,,,,,,,,,,
12/9/17 18:03,12/9/17 18:03,1,7614880,,,,,1,1,,,0,,0,,,,,,,,,,,,,,,,,,,,,,,,,,,,,,,,,,,,,,,,,,,,,,,,,,,,,,,,,,,,,,,,,,,
12/9/17 17:55,12/9/17 18:05,1,96350,,1 year or more,,8658109,1,1,,,0,,1,1,1,0,,1,1,5,5,2,3,3,4,4,4,4,4,5,5,5,5,5,4,4,4,5,5,5,5,5,5,5,5,5,5,5,5,5,4,5,4,3,4,5,5,5,5,5,5,5,5,5,5,4,4,5,5,5,5,3,1,5,1,31,4,1,,1
12/9/17 18:05,12/9/17 18:05,1,2672457,,,,,1,1,,,0,,0,,,,,,,,,,,,,,,,,,,,,,,,,,,,,,,,,,,,,,,,,,,,,,,,,,,,,,,,,,,,,,,,,,,
12/9/17 18:06,12/9/17 18:06,1,4557961,,,,,1,1,,,1,1,0,,,,,,,,,,,,,,,,,,,,,,,,,,,,,,,,,,,,,,,,,,,,,,,,,,,,,,,,,,,,,,,,,,,
12/9/17 18:06,12/9/17 18:07,1,5662079,,,,,1,1,,,0,,0,,,,,,,,,,,,,,,,,,,,,,,,,,,,,,,,,,,,,,,,,,,,,,,,,,,,,,,,,,,,,,,,,,,
12/9/17 18:06,12/9/17 18:07,1,568019,,,,,1,1,,,0,,0,,,,,,,,,,,,,,,,,,,,,,,,,,,,,,,,,,,,,,,,,,,,,,,,,,,,,,,,,,,,,,,,,,,
12/9/17 18:05,12/9/17 18:09,1,7384146,,1 year or more,,4129016,1,1,,,0,,1,1,0,,,1,1,3,2,2,4,1,2,4,4,1,1,2,2,4,2,1,2,4,3,3,5,1,4,2,2,5,4,4,2,1,5,3,1,5,5,1,2,1,1,5,1,1,1,5,5,1,5,1,4,2,1,5,5,6,6,1,1,37,1,1,No,1
12/9/17 18:13,12/9/17 18:14,1,584581,,,,,1,1,,,1,1,0,,,,,,,,,,,,,,,,,,,,,,,,,,,,,,,,,,,,,,,,,,,,,,,,,,,,,,,,,,,,,,,,,,,
12/9/17 18:18,12/9/17 18:19,1,1036774,,,,,1,1,,,1,1,0,,,,,,,,,,,,,,,,,,,,,,,,,,,,,,,,,,,,,,,,,,,,,,,,,,,,,,,,,,,,,,,,,,,
12/9/17 18:18,12/9/17 18:20,1,8891849,,1 year or more,,5884461,1,1,,,1,1,1,1,0,,,1,1,3,2,3,4,3,2,3,4,3,4,2,2,3,4,3,2,3,4,4,3,2,2,3,4,3,4,3,2,3,4,4,3,2,3,4,3,3,4,3,2,3,4,3,2,4,3,2,3,4,3,4,3,4,2,8,1,26,4,1,no,1
12/9/17 18:19,12/9/17 18:21,1,833115,,,less than 1 year,,1,1,,1,1,1,1,0,1,1,1,,,,,,,,,,,,,,,,,,,,,,,,,,,,,,,,,,,,,,,,,,,,,,,,,,,,,,,,,,,,,,,
12/9/17 18:20,12/9/17 18:21,1,3073860,,,,,1,1,,,0,,0,,,,,,,,,,,,,,,,,,,,,,,,,,,,,,,,,,,,,,,,,,,,,,,,,,,,,,,,,,,,,,,,,,,
12/9/17 18:21,12/9/17 18:22,1,6150459,,,,,1,1,,,1,1,0,,,,,,,,,,,,,,,,,,,,,,,,,,,,,,,,,,,,,,,,,,,,,,,,,,,,,,,,,,,,,,,,,,,
12/9/17 18:23,12/9/17 18:24,1,3224772,,,,,1,1,,,1,1,0,,,,,,,,,,,,,,,,,,,,,,,,,,,,,,,,,,,,,,,,,,,,,,,,,,,,,,,,,,,,,,,,,,,
12/9/17 18:20,12/9/17 18:25,1,5972401,,,,,1,1,,,0,,0,,,,,,,,,,,,,,,,,,,,,,,,,,,,,,,,,,,,,,,,,,,,,,,,,,,,,,,,,,,,,,,,,,,
12/9/17 18:27,12/9/17 18:27,1,4187422,,,,,1,1,,,0,,0,,,,,,,,,,,,,,,,,,,,,,,,,,,,,,,,,,,,,,,,,,,,,,,,,,,,,,,,,,,,,,,,,,,
12/9/17 18:24,12/9/17 18:28,1,996635,,1 year or more,,3197830,1,1,,,0,,1,1,0,,,1,1,3,3,3,4,2,3,3,3,3,2,5,2,3,2,2,2,2,3,4,3,4,2,3,2,2,2,4,1,1,3,5,1,4,3,1,2,2,1,5,1,1,1,5,5,1,5,2,4,2,1,4,2,2,5,1,2,23,3,1,,1
12/9/17 18:25,12/9/17 18:29,1,5053099,,1 year or more,,4876237,1,1,,,1,1,1,1,0,,,1,1,3,2,2,2,1,1,2,2,1,2,2,2,2,1,1,1,2,2,2,2,2,2,2,2,2,2,4,2,1,3,3,1,3,3,1,2,1,1,2,1,1,1,4,3,2,4,1,3,1,1,2,3,5,6,1,2,55,1,1,"Nope, everything was great =)",1
12/9/17 18:27,12/9/17 18:32,1,1100684,,1 year or more,,4719112,1,1,,,1,1,1,1,0,,,1,1,4,1,1,5,4,1,3,2,1,2,1,1,4,1,1,1,5,4,1,5,1,4,1,1,4,4,5,1,1,5,4,1,3,5,1,2,1,1,5,1,1,1,5,5,1,5,1,5,1,1,5,5,6,6,1,2,48,3,1,none,1
12/9/17 18:37,12/9/17 18:38,1,1391442,,,,,1,1,,,1,1,0,,,,,,,,,,,,,,,,,,,,,,,,,,,,,,,,,,,,,,,,,,,,,,,,,,,,,,,,,,,,,,,,,,,
12/9/17 18:38,12/9/17 18:39,1,3643560,,,,,1,1,,,1,0,0,,,,,,,,,,,,,,,,,,,,,,,,,,,,,,,,,,,,,,,,,,,,,,,,,,,,,,,,,,,,,,,,,,,
12/9/17 18:39,12/9/17 18:41,1,3877932,,,,,1,1,,,0,,0,,,,,,,,,,,,,,,,,,,,,,,,,,,,,,,,,,,,,,,,,,,,,,,,,,,,,,,,,,,,,,,,,,,
12/9/17 18:31,12/9/17 18:42,1,5897628,,1 year or more,,3374442,1,1,,,1,0,1,1,0,,,1,1,4,3,1,1,2,2,2,2,1,2,2,3,4,2,1,1,3,2,1,2,1,4,3,1,3,2,4,1,1,2,2,1,2,2,1,1,1,1,5,1,1,1,5,3,1,3,1,5,2,1,3,1,2,9,3,1,27,1,1,no,1
12/9/17 18:46,12/9/17 18:48,1,4800648,,,,,1,1,,,0,,0,,,,,,,,,,,,,,,,,,,,,,,,,,,,,,,,,,,,,,,,,,,,,,,,,,,,,,,,,,,,,,,,,,,
12/9/17 18:51,12/9/17 18:52,1,5343585,,,,,1,1,,,0,,0,,,,,,,,,,,,,,,,,,,,,,,,,,,,,,,,,,,,,,,,,,,,,,,,,,,,,,,,,,,,,,,,,,,
12/9/17 19:25,12/9/17 19:32,1,1606725,,1 year or more,,158972,1,1,,,0,,1,1,0,,,1,1,2,3,2,4,1,2,5,4,2,1,2,2,3,1,1,2,4,4,3,5,2,3,2,1,3,2,3,2,1,3,2,1,5,3,1,1,1,1,3,1,1,1,5,3,1,5,1,3,1,1,5,2,3,2,3,2,43,1,1,,1
12/9/17 19:56,12/9/17 19:57,1,6834524,,,,,1,1,,,0,,0,,,,,,,,,,,,,,,,,,,,,,,,,,,,,,,,,,,,,,,,,,,,,,,,,,,,,,,,,,,,,,,,,,,
12/9/17 19:57,12/9/17 19:57,1,4569642,,,,,1,1,,,1,1,0,,,,,,,,,,,,,,,,,,,,,,,,,,,,,,,,,,,,,,,,,,,,,,,,,,,,,,,,,,,,,,,,,,,
12/9/17 20:48,12/9/17 20:49,1,6402535,,,,,1,1,,,0,,0,,,,,,,,,,,,,,,,,,,,,,,,,,,,,,,,,,,,,,,,,,,,,,,,,,,,,,,,,,,,,,,,,,,
12/9/17 22:44,12/9/17 22:44,1,8669435,,,less than 1 year,,1,1,No.,1,0,,1,0,0,,1,,,,,,,,,,,,,,,,,,,,,,,,,,,,,,,,,,,,,,,,,,,,,,,,,,,,,,,,,,,,,,,
12/9/17 22:41,12/9/17 22:45,1,5860645,No,,,738774,1,1,,,0,,0,,0,,,1,1,2,5,3,2,1,2,2,2,2,2,4,4,2,2,3,2,2,2,3,2,3,2,3,3,2,1,3,2,2,2,3,1,3,2,1,2,1,1,5,1,1,1,5,5,1,4,1,5,1,1,5,1,,,8,2,22,3,1,none,1
12/9/17 22:43,12/9/17 22:45,1,1755590,No,,,2298759,1,1,,,0,,0,,0,,,1,1,4,2,3,5,1,1,1,1,1,1,4,2,4,1,1,1,1,1,,,,,,,,,,,,,,,,,,,,,,,,,,,,,,,,,,,,,,,,,,,
12/9/17 22:43,12/9/17 22:45,1,8182323,,,,,1,1,,,0,,0,,,,,,,,,,,,,,,,,,,,,,,,,,,,,,,,,,,,,,,,,,,,,,,,,,,,,,,,,,,,,,,,,,,
12/9/17 22:43,12/9/17 22:45,1,6146313,,,,,1,1,,,1,1,0,,,,,,,,,,,,,,,,,,,,,,,,,,,,,,,,,,,,,,,,,,,,,,,,,,,,,,,,,,,,,,,,,,,
12/9/17 22:42,12/9/17 22:45,1,2546305,No,,,3082610,1,1,,,1,0,0,,0,,,1,1,4,2,2,4,3,2,4,3,1,2,,,,,,,,,,,,,,,,,,,,,,,,,,,,,,,,,,,,,,,,,,,,,,,,,,,
12/9/17 22:43,12/9/17 22:45,1,9633457,No,,,472166,1,1,,,0,,0,,0,,,1,1,4,2,1,3,2,2,3,2,1,2,,,,,,,,,,,,,,,,,,,,,,,,,,,,,,,,,,,,,,,,,,,,,,,,,,,
12/9/17 22:41,12/9/17 22:45,1,1857291,No,,,8981878,1,1,,,1,1,0,,0,,,1,1,4,3,2,3,1,2,3,4,2,2,1,2,4,1,1,1,4,3,2,3,2,4,3,1,4,3,5,1,1,4,4,1,4,3,1,2,,,,,,,,,,,,,,,,,,,,,,,,,
12/9/17 22:43,12/9/17 22:45,1,9368736,No,,,2249434,1,1,,,0,,0,,0,,,1,1,,,,,,,,,,,,,,,,,,,,,,,,,,,,,,,,,,,,,,,,,,,,,,,,,,,,,,,,,,,,,
12/9/17 22:41,12/9/17 22:45,1,1541171,,1 year or more,,7814128,1,1,,,1,1,1,1,1,1,,1,1,2,2,2,2,2,2,2,2,1,1,2,2,2,2,2,2,2,2,2,2,2,2,2,2,2,2,2,2,1,2,3,1,2,2,1,2,1,1,2,1,1,1,2,2,1,2,1,2,2,1,2,2,3,6,7,1,33,1,1,,1
12/9/17 22:41,12/9/17 22:45,1,3941792,No,,,3504684,1,1,,,0,,0,,0,,,1,1,3,3,2,2,2,2,2,2,1,1,2,2,3,2,1,1,3,3,3,2,2,4,2,2,3,3,,,,,,,,,,,,,,,,,,,,,,,,,,,,,,,,,,,
12/9/17 22:44,12/9/17 22:45,1,4107287,No,,,361011,1,1,,,1,1,0,,0,,,1,1,,,,,,,,,,,,,,,,,,,,,,,,,,,,,,,,,,,,,,,,,,,,,,,,,,,,,,,,,,,,,
12/9/17 22:43,12/9/17 22:46,1,1578493,No,,,7723732,1,1,,,0,,0,,0,,,1,1,2,2,2,2,1,2,3,4,2,2,,,,,,,,,,,,,,,,,,,,,,,,,,,,,,,,,,,,,,,,,,,,,,,,,,,
12/9/17 22:47,12/9/17 22:52,1,6732446,,1 year or more,,6491992,1,1,,,0,,1,1,0,,,1,1,2,2,1,2,2,2,2,4,1,2,1,2,4,1,2,1,4,4,1,2,2,4,2,2,4,4,2,1,1,2,2,1,3,5,1,2,1,1,5,1,1,1,5,5,1,4,1,5,3,1,5,5,4,4,1,2,62,3,1,no.  Thank you.,1
12/9/17 22:53,12/9/17 22:54,1,8588159,,,,,1,1,,,0,,0,,,,,,,,,,,,,,,,,,,,,,,,,,,,,,,,,,,,,,,,,,,,,,,,,,,,,,,,,,,,,,,,,,,
12/9/17 22:51,12/9/17 22:54,1,9611142,,1 year or more,,523509,1,1,,,0,,1,1,0,,,1,1,2,4,2,4,1,1,4,3,5,2,3,3,2,3,2,1,1,4,4,3,4,2,2,3,2,2,2,4,2,4,1,1,4,3,5,2,1,1,5,1,1,1,5,5,1,4,1,5,1,1,5,4,2,1,1,2,48,1,1,,1
12/9/17 23:01,12/9/17 23:01,1,8672301,,,,,1,1,,,0,,0,,,,,,,,,,,,,,,,,,,,,,,,,,,,,,,,,,,,,,,,,,,,,,,,,,,,,,,,,,,,,,,,,,,
12/9/17 23:03,12/9/17 23:03,1,5904332,,,,,1,1,,,0,,0,,,,,,,,,,,,,,,,,,,,,,,,,,,,,,,,,,,,,,,,,,,,,,,,,,,,,,,,,,,,,,,,,,,
12/9/17 23:05,12/9/17 23:05,1,1232110,,,,,1,1,,,0,,0,,,,,,,,,,,,,,,,,,,,,,,,,,,,,,,,,,,,,,,,,,,,,,,,,,,,,,,,,,,,,,,,,,,
12/9/17 23:07,12/9/17 23:08,1,212610,,,,,1,1,,,0,,0,,,,,,,,,,,,,,,,,,,,,,,,,,,,,,,,,,,,,,,,,,,,,,,,,,,,,,,,,,,,,,,,,,,
12/9/17 23:14,12/9/17 23:15,1,5159224,,,,,1,1,,,1,1,0,,,,,,,,,,,,,,,,,,,,,,,,,,,,,,,,,,,,,,,,,,,,,,,,,,,,,,,,,,,,,,,,,,,
12/9/17 23:18,12/9/17 23:19,1,850292,,,,,1,1,,,0,,0,,,,,,,,,,,,,,,,,,,,,,,,,,,,,,,,,,,,,,,,,,,,,,,,,,,,,,,,,,,,,,,,,,,
12/9/17 23:18,12/9/17 23:19,1,3942732,,,,,1,1,,,0,,0,,,,,,,,,,,,,,,,,,,,,,,,,,,,,,,,,,,,,,,,,,,,,,,,,,,,,,,,,,,,,,,,,,,
12/9/17 23:18,12/9/17 23:20,1,4677089,,1 year or more,,2018492,1,1,,,1,1,1,1,1,1,,1,1,3,2,2,5,2,2,4,2,1,2,3,2,3,1,1,1,3,5,2,5,2,3,2,2,4,2,4,1,1,5,2,1,3,2,1,2,1,1,4,1,1,1,4,5,1,5,1,4,1,1,5,2,6,4,7,2,30,3,1,,1
12/9/17 23:25,12/9/17 23:26,1,2037469,,,,,1,1,,,0,,0,,,,,,,,,,,,,,,,,,,,,,,,,,,,,,,,,,,,,,,,,,,,,,,,,,,,,,,,,,,,,,,,,,,
12/9/17 23:33,12/9/17 23:33,1,8141666,,,,,1,1,,,0,,0,,,,,,,,,,,,,,,,,,,,,,,,,,,,,,,,,,,,,,,,,,,,,,,,,,,,,,,,,,,,,,,,,,,
12/9/17 23:32,12/9/17 23:33,1,9205366,,,less than 1 year,,1,1,,1,1,0,1,0,0,,1,,,,,,,,,,,,,,,,,,,,,,,,,,,,,,,,,,,,,,,,,,,,,,,,,,,,,,,,,,,,,,,
12/9/17 23:33,12/9/17 23:34,1,4231535,,,,,1,1,,,0,,0,,,,,,,,,,,,,,,,,,,,,,,,,,,,,,,,,,,,,,,,,,,,,,,,,,,,,,,,,,,,,,,,,,,
12/9/17 23:42,12/9/17 23:43,1,8780604,,,less than 1 year,,1,1,no,1,0,,1,0,0,,1,,,,,,,,,,,,,,,,,,,,,,,,,,,,,,,,,,,,,,,,,,,,,,,,,,,,,,,,,,,,,,,
12/9/17 23:47,12/9/17 23:48,1,3041849,,,,,1,1,,,1,1,0,,,,,,,,,,,,,,,,,,,,,,,,,,,,,,,,,,,,,,,,,,,,,,,,,,,,,,,,,,,,,,,,,,,
12/10/17 0:08,12/10/17 0:08,1,2015753,,,,,1,0,None.,1,,,,,,,,,,,,,,,,,,,,,,,,,,,,,,,,,,,,,,,,,,,,,,,,,,,,,,,,,,,,,,,,,,,,,,
12/10/17 0:08,12/10/17 0:09,1,3195349,,,,,1,1,,,0,,0,,,,,,,,,,,,,,,,,,,,,,,,,,,,,,,,,,,,,,,,,,,,,,,,,,,,,,,,,,,,,,,,,,,
12/10/17 0:11,12/10/17 0:11,1,2284875,,,,,1,1,,,1,1,0,,,,,,,,,,,,,,,,,,,,,,,,,,,,,,,,,,,,,,,,,,,,,,,,,,,,,,,,,,,,,,,,,,,
12/10/17 0:11,12/10/17 0:11,1,6962718,,,,,1,1,,,0,,0,,,,,,,,,,,,,,,,,,,,,,,,,,,,,,,,,,,,,,,,,,,,,,,,,,,,,,,,,,,,,,,,,,,
12/10/17 0:23,12/10/17 0:28,1,4261289,,1 year or more,,7015535,1,1,,,1,1,1,1,1,1,,1,1,5,4,1,1,1,1,3,5,1,5,1,1,5,1,4,1,5,5,1,5,1,5,4,4,1,1,5,3,1,1,1,1,4,5,1,5,1,1,5,3,1,1,5,5,1,1,1,5,3,3,1,1,3,5,2,2,31,3,1,None,1
12/10/17 0:42,12/10/17 0:43,1,8102545,,,,,1,1,,,0,,0,,,,,,,,,,,,,,,,,,,,,,,,,,,,,,,,,,,,,,,,,,,,,,,,,,,,,,,,,,,,,,,,,,,
12/10/17 0:43,12/10/17 0:43,1,311390,,,,,1,1,,,0,,0,,,,,,,,,,,,,,,,,,,,,,,,,,,,,,,,,,,,,,,,,,,,,,,,,,,,,,,,,,,,,,,,,,,
12/10/17 0:51,12/10/17 0:52,1,2395267,,,,,1,1,,,0,,0,,,,,,,,,,,,,,,,,,,,,,,,,,,,,,,,,,,,,,,,,,,,,,,,,,,,,,,,,,,,,,,,,,,
12/10/17 1:03,12/10/17 1:04,1,6165824,,,,,1,1,,,1,0,0,,,,,,,,,,,,,,,,,,,,,,,,,,,,,,,,,,,,,,,,,,,,,,,,,,,,,,,,,,,,,,,,,,,
12/10/17 1:08,12/10/17 1:09,1,6179487,,,,,1,1,,,0,,0,,,,,,,,,,,,,,,,,,,,,,,,,,,,,,,,,,,,,,,,,,,,,,,,,,,,,,,,,,,,,,,,,,,
12/10/17 1:09,12/10/17 1:09,1,1169362,,,,,1,1,,,0,,0,,,,,,,,,,,,,,,,,,,,,,,,,,,,,,,,,,,,,,,,,,,,,,,,,,,,,,,,,,,,,,,,,,,
12/10/17 1:22,12/10/17 1:23,1,8615577,,,,,1,1,,,0,,0,,,,,,,,,,,,,,,,,,,,,,,,,,,,,,,,,,,,,,,,,,,,,,,,,,,,,,,,,,,,,,,,,,,
12/10/17 1:47,12/10/17 1:48,1,9424405,,,,,1,1,,,1,1,0,,,,,,,,,,,,,,,,,,,,,,,,,,,,,,,,,,,,,,,,,,,,,,,,,,,,,,,,,,,,,,,,,,,
12/10/17 2:00,12/10/17 2:07,1,1858034,,,,,1,1,,,0,,0,,,,,,,,,,,,,,,,,,,,,,,,,,,,,,,,,,,,,,,,,,,,,,,,,,,,,,,,,,,,,,,,,,,
12/10/17 2:23,12/10/17 2:24,1,5814341,,,,,1,1,,,1,1,0,,,,,,,,,,,,,,,,,,,,,,,,,,,,,,,,,,,,,,,,,,,,,,,,,,,,,,,,,,,,,,,,,,,
12/10/17 2:55,12/10/17 2:55,1,1424805,,,,,1,1,,,0,,0,,,,,,,,,,,,,,,,,,,,,,,,,,,,,,,,,,,,,,,,,,,,,,,,,,,,,,,,,,,,,,,,,,,
12/10/17 7:21,12/10/17 7:23,1,5685102,No,,,8031927,1,1,,,0,,0,,0,,,1,1,3,2,2,4,3,3,3,5,1,2,2,2,3,2,2,2,4,3,3,4,2,4,2,2,4,3,4,2,1,2,3,1,4,3,1,2,2,1,4,1,1,1,4,4,1,4,1,4,1,1,4,3,,,1,1,34,4,1,no issues,1
12/10/17 7:20,12/10/17 7:23,1,1006728,No,,,4876424,1,1,,,0,,0,,0,,,1,1,4,2,1,4,1,1,3,4,1,2,2,2,4,1,1,1,3,4,1,4,1,4,1,2,4,1,5,1,1,4,2,1,4,3,1,3,1,1,5,1,1,1,5,4,1,5,1,5,1,1,5,2,,,7,2,34,2,1,no,1
12/10/17 7:20,12/10/17 7:23,1,3639577,No,,,4261788,1,1,,,0,,0,,0,,,1,1,4,2,2,4,2,2,4,3,1,2,2,2,3,1,2,2,4,4,1,4,2,4,2,2,4,3,4,1,1,4,2,1,4,2,1,2,1,1,4,1,1,1,4,4,1,4,1,4,2,1,4,3,,,1,2,39,4,,,
12/10/17 7:20,12/10/17 7:23,1,6205663,No,,,7271215,1,1,,,0,,0,,0,,,1,1,3,2,1,2,1,1,2,4,1,1,2,2,4,1,2,1,4,4,,,,,,,,,,,,,,,,,,,,,,,,,,,,,,,,,,,,,,,,,,,
12/10/17 7:23,12/10/17 7:24,1,3123722,No,,,825890,1,1,,,0,,0,,0,,,1,1,2,3,2,4,2,2,4,4,1,2,,,,,,,,,,,,,,,,,,,,,,,,,,,,,,,,,,,,,,,,,,,,,,,,,,,
12/10/17 7:20,12/10/17 7:24,1,2452200,No,,,261849,1,1,,,0,,0,,0,,,1,1,2,3,2,3,2,2,2,3,2,2,2,2,4,2,2,2,4,3,2,3,2,4,3,1,3,3,3,2,1,4,2,1,2,3,1,2,1,1,5,1,1,1,5,5,1,4,1,5,1,1,5,4,,,,,,,,,
12/10/17 7:20,12/10/17 7:24,1,5374194,No,,,2923056,1,1,,,0,,0,,0,,,1,1,2,3,3,3,2,3,2,4,2,2,4,4,2,2,2,2,3,3,3,3,3,3,3,3,2,3,4,1,1,4,1,1,2,3,1,1,1,1,4,1,1,1,4,4,1,4,1,4,1,1,4,4,,,1,2,34,1,,,
12/10/17 7:22,12/10/17 7:24,1,3570449,No,,,9902138,1,1,,,0,,0,,0,,,1,1,2,4,2,3,2,2,3,3,1,2,4,3,2,1,1,2,2,3,1,3,2,3,4,2,2,2,,,,,,,,,,,,,,,,,,,,,,,,,,,,,,,,,,,
12/10/17 7:24,12/10/17 7:24,1,8933828,,,,,1,1,,,0,,0,,,,,,,,,,,,,,,,,,,,,,,,,,,,,,,,,,,,,,,,,,,,,,,,,,,,,,,,,,,,,,,,,,,
12/10/17 7:24,12/10/17 7:24,1,1616505,,,,,1,1,,,0,,0,,,,,,,,,,,,,,,,,,,,,,,,,,,,,,,,,,,,,,,,,,,,,,,,,,,,,,,,,,,,,,,,,,,
12/10/17 7:21,12/10/17 7:24,1,4993236,,1 year or more,,4114280,1,1,,,0,,1,1,0,,,1,1,2,3,3,4,3,3,3,4,2,2,3,3,3,2,2,3,3,3,4,3,2,3,4,2,4,4,5,1,1,5,5,1,5,3,1,2,1,1,5,1,1,1,5,5,1,5,1,5,2,1,5,4,2,2,7,2,46,4,1,No,1
12/10/17 7:24,12/10/17 7:25,1,2960320,,,,,1,1,,,1,1,0,,,,,,,,,,,,,,,,,,,,,,,,,,,,,,,,,,,,,,,,,,,,,,,,,,,,,,,,,,,,,,,,,,,
12/10/17 7:23,12/10/17 7:25,1,3020274,,,,,1,1,,,0,,0,,,,,,,,,,,,,,,,,,,,,,,,,,,,,,,,,,,,,,,,,,,,,,,,,,,,,,,,,,,,,,,,,,,
12/10/17 7:21,12/10/17 7:25,1,7348227,No,,,7888356,1,1,,,1,1,0,,0,,,1,1,,,,,,,,,,,,,,,,,,,,,,,,,,,,,,,,,,,,,,,,,,,,,,,,,,,,,,,,,,,,,
12/10/17 7:25,12/10/17 7:26,1,7526510,,,,,1,1,,,1,1,0,,,,,,,,,,,,,,,,,,,,,,,,,,,,,,,,,,,,,,,,,,,,,,,,,,,,,,,,,,,,,,,,,,,
12/10/17 7:25,12/10/17 7:26,1,7140073,,,,,1,1,,,0,,0,,,,,,,,,,,,,,,,,,,,,,,,,,,,,,,,,,,,,,,,,,,,,,,,,,,,,,,,,,,,,,,,,,,
12/10/17 7:20,12/10/17 7:28,1,508610,,,,,1,1,,,0,,0,,,,,,,,,,,,,,,,,,,,,,,,,,,,,,,,,,,,,,,,,,,,,,,,,,,,,,,,,,,,,,,,,,,
12/10/17 7:27,12/10/17 7:28,1,355454,,,,,1,1,,,1,1,0,,,,,,,,,,,,,,,,,,,,,,,,,,,,,,,,,,,,,,,,,,,,,,,,,,,,,,,,,,,,,,,,,,,
12/10/17 7:25,12/10/17 7:29,1,2167220,,,less than 1 year,,1,1,No,1,0,,1,0,0,,1,,,,,,,,,,,,,,,,,,,,,,,,,,,,,,,,,,,,,,,,,,,,,,,,,,,,,,,,,,,,,,,
12/10/17 7:27,12/10/17 7:30,1,957744,,1 year or more,,4551026,1,1,,,0,,1,1,0,,,1,1,2,3,4,1,2,4,3,2,2,4,4,3,2,2,2,3,2,2,3,3,3,2,4,3,2,2,5,1,1,4,5,1,5,1,1,1,1,1,5,1,1,1,5,5,1,5,1,5,1,1,5,5,3,4,1,1,27,4,1,None at all! Namaste!,1
12/10/17 7:30,12/10/17 7:30,1,6878982,,,,,1,0,No,1,,,,,,,,,,,,,,,,,,,,,,,,,,,,,,,,,,,,,,,,,,,,,,,,,,,,,,,,,,,,,,,,,,,,,,
12/10/17 7:30,12/10/17 7:30,1,4234995,,,,,1,1,,,0,,0,,,,,,,,,,,,,,,,,,,,,,,,,,,,,,,,,,,,,,,,,,,,,,,,,,,,,,,,,,,,,,,,,,,
12/10/17 7:29,12/10/17 7:31,1,4631453,,,,,1,1,,,1,0,0,,,,,,,,,,,,,,,,,,,,,,,,,,,,,,,,,,,,,,,,,,,,,,,,,,,,,,,,,,,,,,,,,,,
12/10/17 7:31,12/10/17 7:31,1,6290675,,,,,1,1,,,0,,0,,,,,,,,,,,,,,,,,,,,,,,,,,,,,,,,,,,,,,,,,,,,,,,,,,,,,,,,,,,,,,,,,,,
12/10/17 7:34,12/10/17 7:35,1,9633686,,,,,1,1,,,0,,0,,,,,,,,,,,,,,,,,,,,,,,,,,,,,,,,,,,,,,,,,,,,,,,,,,,,,,,,,,,,,,,,,,,
12/10/17 7:34,12/10/17 7:35,1,9106621,,,,,1,1,,,1,1,0,,,,,,,,,,,,,,,,,,,,,,,,,,,,,,,,,,,,,,,,,,,,,,,,,,,,,,,,,,,,,,,,,,,
12/10/17 7:35,12/10/17 7:36,1,2810726,,,,,1,1,,,0,,0,,,,,,,,,,,,,,,,,,,,,,,,,,,,,,,,,,,,,,,,,,,,,,,,,,,,,,,,,,,,,,,,,,,
12/10/17 7:36,12/10/17 7:37,1,2621467,,,,,1,1,,,1,1,0,,,,,,,,,,,,,,,,,,,,,,,,,,,,,,,,,,,,,,,,,,,,,,,,,,,,,,,,,,,,,,,,,,,
12/10/17 7:38,12/10/17 7:39,1,9181985,,,,,1,1,,,0,,0,,,,,,,,,,,,,,,,,,,,,,,,,,,,,,,,,,,,,,,,,,,,,,,,,,,,,,,,,,,,,,,,,,,
12/10/17 7:39,12/10/17 7:41,1,1133649,,,,,1,1,,,0,,0,,,,,,,,,,,,,,,,,,,,,,,,,,,,,,,,,,,,,,,,,,,,,,,,,,,,,,,,,,,,,,,,,,,
12/10/17 7:40,12/10/17 7:41,1,9595035,,,,,1,1,,,0,,0,,,,,,,,,,,,,,,,,,,,,,,,,,,,,,,,,,,,,,,,,,,,,,,,,,,,,,,,,,,,,,,,,,,
12/10/17 7:40,12/10/17 7:41,1,6022202,,,,,1,1,,,0,,0,,,,,,,,,,,,,,,,,,,,,,,,,,,,,,,,,,,,,,,,,,,,,,,,,,,,,,,,,,,,,,,,,,,
12/10/17 7:42,12/10/17 7:42,1,2108940,,,,,1,1,,,0,,0,,,,,,,,,,,,,,,,,,,,,,,,,,,,,,,,,,,,,,,,,,,,,,,,,,,,,,,,,,,,,,,,,,,
12/10/17 7:38,12/10/17 7:43,1,594722,,1 year or more,,1262428,1,1,,,0,,1,1,0,,,1,1,4,2,2,4,2,1,5,1,1,2,2,2,3,1,1,1,3,4,2,4,1,4,4,1,3,2,5,1,1,5,3,1,5,1,1,5,1,1,5,1,1,1,5,5,1,5,1,5,3,1,5,1,3,3,1,2,37,3,1,No,1
12/10/17 7:44,12/10/17 7:44,1,9946388,,,,,1,1,,,0,,0,,,,,,,,,,,,,,,,,,,,,,,,,,,,,,,,,,,,,,,,,,,,,,,,,,,,,,,,,,,,,,,,,,,
12/10/17 7:45,12/10/17 7:46,1,6482303,,1 year or more,,,1,1,,1,1,0,1,1,1,1,,1,0,,,,,,,,,,,,,,,,,,,,,,,,,,,,,,,,,,,,,,,,,,,,,,,,,,,,,,,,,,,,,
12/10/17 7:46,12/10/17 7:46,1,7846199,,,,,1,1,,,1,1,0,,,,,,,,,,,,,,,,,,,,,,,,,,,,,,,,,,,,,,,,,,,,,,,,,,,,,,,,,,,,,,,,,,,
12/10/17 7:46,12/10/17 7:47,1,8921494,,,,,1,1,,,0,,0,,,,,,,,,,,,,,,,,,,,,,,,,,,,,,,,,,,,,,,,,,,,,,,,,,,,,,,,,,,,,,,,,,,
12/10/17 7:46,12/10/17 7:47,1,7272273,,,,,1,1,,,0,,0,,,,,,,,,,,,,,,,,,,,,,,,,,,,,,,,,,,,,,,,,,,,,,,,,,,,,,,,,,,,,,,,,,,
12/10/17 7:47,12/10/17 7:47,1,2905461,,,,,1,1,,,0,,0,,,,,,,,,,,,,,,,,,,,,,,,,,,,,,,,,,,,,,,,,,,,,,,,,,,,,,,,,,,,,,,,,,,
12/10/17 7:56,12/10/17 7:56,1,8320314,,,,,1,1,,,0,,0,,,,,,,,,,,,,,,,,,,,,,,,,,,,,,,,,,,,,,,,,,,,,,,,,,,,,,,,,,,,,,,,,,,
12/10/17 8:20,12/10/17 8:22,1,8579527,,,less than 1 year,,1,1,none,1,0,,1,0,0,,1,,,,,,,,,,,,,,,,,,,,,,,,,,,,,,,,,,,,,,,,,,,,,,,,,,,,,,,,,,,,,,,
12/10/17 9:03,12/10/17 9:03,1,3262257,,,,,1,1,,,0,,0,,,,,,,,,,,,,,,,,,,,,,,,,,,,,,,,,,,,,,,,,,,,,,,,,,,,,,,,,,,,,,,,,,,
12/10/17 9:09,12/10/17 9:10,1,8241870,,,,,1,1,,,0,,0,,,,,,,,,,,,,,,,,,,,,,,,,,,,,,,,,,,,,,,,,,,,,,,,,,,,,,,,,,,,,,,,,,,
12/10/17 9:27,12/10/17 9:27,1,9901755,,,,,1,1,,,0,,0,,,,,,,,,,,,,,,,,,,,,,,,,,,,,,,,,,,,,,,,,,,,,,,,,,,,,,,,,,,,,,,,,,,
12/10/17 9:28,12/10/17 9:28,1,1054442,,,,,1,1,,,0,,0,,,,,,,,,,,,,,,,,,,,,,,,,,,,,,,,,,,,,,,,,,,,,,,,,,,,,,,,,,,,,,,,,,,
12/10/17 10:09,12/10/17 10:09,1,409555,,,,,1,1,,,0,,0,,,,,,,,,,,,,,,,,,,,,,,,,,,,,,,,,,,,,,,,,,,,,,,,,,,,,,,,,,,,,,,,,,,
12/10/17 10:11,12/10/17 10:11,1,3852470,,,,,1,1,,,1,1,0,,,,,,,,,,,,,,,,,,,,,,,,,,,,,,,,,,,,,,,,,,,,,,,,,,,,,,,,,,,,,,,,,,,
12/10/17 10:13,12/10/17 10:13,1,6070605,,,,,1,1,,,0,,0,,,,,,,,,,,,,,,,,,,,,,,,,,,,,,,,,,,,,,,,,,,,,,,,,,,,,,,,,,,,,,,,,,,
12/10/17 10:13,12/10/17 10:14,1,8145111,,,,,1,1,,,0,,0,,,,,,,,,,,,,,,,,,,,,,,,,,,,,,,,,,,,,,,,,,,,,,,,,,,,,,,,,,,,,,,,,,,
12/10/17 10:13,12/10/17 10:14,1,5286552,,,,,1,1,,,0,,0,,,,,,,,,,,,,,,,,,,,,,,,,,,,,,,,,,,,,,,,,,,,,,,,,,,,,,,,,,,,,,,,,,,
12/10/17 10:15,12/10/17 10:16,1,9868732,,,,,1,1,,,1,1,0,,,,,,,,,,,,,,,,,,,,,,,,,,,,,,,,,,,,,,,,,,,,,,,,,,,,,,,,,,,,,,,,,,,
12/10/17 10:18,12/10/17 10:19,1,4164888,,,,,1,1,,,1,1,0,,,,,,,,,,,,,,,,,,,,,,,,,,,,,,,,,,,,,,,,,,,,,,,,,,,,,,,,,,,,,,,,,,,
12/10/17 10:19,12/10/17 10:20,1,6307120,,,,,1,1,,,0,,0,,,,,,,,,,,,,,,,,,,,,,,,,,,,,,,,,,,,,,,,,,,,,,,,,,,,,,,,,,,,,,,,,,,
12/10/17 10:23,12/10/17 10:26,1,7826313,,,,,1,1,,,0,,0,,,,,,,,,,,,,,,,,,,,,,,,,,,,,,,,,,,,,,,,,,,,,,,,,,,,,,,,,,,,,,,,,,,
12/10/17 10:26,12/10/17 10:27,1,9821789,,,,,1,1,,,1,1,0,,,,,,,,,,,,,,,,,,,,,,,,,,,,,,,,,,,,,,,,,,,,,,,,,,,,,,,,,,,,,,,,,,,
12/10/17 10:27,12/10/17 10:28,1,4191579,,,,,1,1,,,1,1,0,,,,,,,,,,,,,,,,,,,,,,,,,,,,,,,,,,,,,,,,,,,,,,,,,,,,,,,,,,,,,,,,,,,
12/10/17 10:27,12/10/17 10:28,1,8619164,,,,,1,1,,,1,1,0,,,,,,,,,,,,,,,,,,,,,,,,,,,,,,,,,,,,,,,,,,,,,,,,,,,,,,,,,,,,,,,,,,,
12/10/17 10:21,12/10/17 10:29,1,9291882,,1 year or more,,3112191,1,1,,,1,1,1,1,1,1,,1,1,3,3,4,4,2,4,5,4,2,2,3,3,3,1,1,3,3,3,4,5,3,3,5,2,3,3,3,4,3,4,2,3,5,3,2,2,1,2,4,1,1,3,3,5,2,4,1,5,3,2,3,2,2,4,8,1,26,3,1,no,1
12/10/17 10:30,12/10/17 10:30,1,9597960,,,,,1,1,,,0,,0,,,,,,,,,,,,,,,,,,,,,,,,,,,,,,,,,,,,,,,,,,,,,,,,,,,,,,,,,,,,,,,,,,,
12/10/17 10:30,12/10/17 10:30,1,1049284,,,,,1,1,,,0,,0,,,,,,,,,,,,,,,,,,,,,,,,,,,,,,,,,,,,,,,,,,,,,,,,,,,,,,,,,,,,,,,,,,,
12/10/17 10:27,12/10/17 10:32,1,4591123,,1 year or more,,3547501,1,1,,,1,1,1,1,0,,,1,1,4,3,2,4,3,2,4,3,1,3,3,3,2,2,3,2,4,4,2,4,2,5,3,2,3,3,4,1,4,4,4,3,4,2,1,3,1,1,5,1,1,1,5,5,1,5,1,5,1,1,5,3,3,3,1,2,39,2,1,NO,1
12/10/17 10:39,12/10/17 10:40,1,8168865,,,,,1,1,,,0,,0,,,,,,,,,,,,,,,,,,,,,,,,,,,,,,,,,,,,,,,,,,,,,,,,,,,,,,,,,,,,,,,,,,,
12/10/17 10:43,12/10/17 10:43,1,6570990,,,,,1,1,,,0,,0,,,,,,,,,,,,,,,,,,,,,,,,,,,,,,,,,,,,,,,,,,,,,,,,,,,,,,,,,,,,,,,,,,,
12/10/17 10:46,12/10/17 10:46,1,500671,,,,,1,1,,,0,,0,,,,,,,,,,,,,,,,,,,,,,,,,,,,,,,,,,,,,,,,,,,,,,,,,,,,,,,,,,,,,,,,,,,
12/10/17 10:45,12/10/17 10:48,1,7885338,,1 year or more,,6411812,1,1,,,1,1,1,1,0,,,1,1,2,2,1,4,1,2,5,4,1,1,2,1,4,1,1,1,4,4,1,4,2,3,1,1,4,2,3,1,1,5,2,1,5,2,1,1,1,1,4,1,1,1,5,5,1,5,2,4,1,1,5,3,6,2,1,1,25,4,1,no,1
12/10/17 10:48,12/10/17 10:48,1,1080538,,,,,1,1,,,1,1,0,,,,,,,,,,,,,,,,,,,,,,,,,,,,,,,,,,,,,,,,,,,,,,,,,,,,,,,,,,,,,,,,,,,
12/10/17 10:47,12/10/17 10:48,1,4675485,,,,,1,1,,,0,,0,,,,,,,,,,,,,,,,,,,,,,,,,,,,,,,,,,,,,,,,,,,,,,,,,,,,,,,,,,,,,,,,,,,
12/10/17 10:48,12/10/17 10:48,1,4877110,,,,,1,1,,,1,1,0,,,,,,,,,,,,,,,,,,,,,,,,,,,,,,,,,,,,,,,,,,,,,,,,,,,,,,,,,,,,,,,,,,,
12/10/17 10:51,12/10/17 10:51,1,4139794,,,,,1,1,,,0,,0,,,,,,,,,,,,,,,,,,,,,,,,,,,,,,,,,,,,,,,,,,,,,,,,,,,,,,,,,,,,,,,,,,,
12/10/17 10:51,12/10/17 10:52,1,5295959,,,,,1,1,,,0,,0,,,,,,,,,,,,,,,,,,,,,,,,,,,,,,,,,,,,,,,,,,,,,,,,,,,,,,,,,,,,,,,,,,,
12/10/17 10:51,12/10/17 10:52,1,4657761,,,,,1,1,,,0,,0,,,,,,,,,,,,,,,,,,,,,,,,,,,,,,,,,,,,,,,,,,,,,,,,,,,,,,,,,,,,,,,,,,,
12/10/17 10:53,12/10/17 10:53,1,2728513,,,,,1,1,,,0,,0,,,,,,,,,,,,,,,,,,,,,,,,,,,,,,,,,,,,,,,,,,,,,,,,,,,,,,,,,,,,,,,,,,,
12/10/17 10:55,12/10/17 10:55,1,6662275,,,,,1,1,,,0,,0,,,,,,,,,,,,,,,,,,,,,,,,,,,,,,,,,,,,,,,,,,,,,,,,,,,,,,,,,,,,,,,,,,,
12/10/17 10:57,12/10/17 10:57,1,4833647,,,,,1,1,,,0,,0,,,,,,,,,,,,,,,,,,,,,,,,,,,,,,,,,,,,,,,,,,,,,,,,,,,,,,,,,,,,,,,,,,,
12/10/17 10:59,12/10/17 10:59,1,1193292,,,,,1,1,,,0,,0,,,,,,,,,,,,,,,,,,,,,,,,,,,,,,,,,,,,,,,,,,,,,,,,,,,,,,,,,,,,,,,,,,,
12/10/17 11:00,12/10/17 11:00,1,4508001,,,,,1,1,,,0,,0,,,,,,,,,,,,,,,,,,,,,,,,,,,,,,,,,,,,,,,,,,,,,,,,,,,,,,,,,,,,,,,,,,,
12/10/17 11:01,12/10/17 11:02,1,5991346,,,,,1,1,,,0,,0,,,,,,,,,,,,,,,,,,,,,,,,,,,,,,,,,,,,,,,,,,,,,,,,,,,,,,,,,,,,,,,,,,,
12/10/17 11:04,12/10/17 11:05,1,3098155,,,,,1,1,,,1,1,0,,,,,,,,,,,,,,,,,,,,,,,,,,,,,,,,,,,,,,,,,,,,,,,,,,,,,,,,,,,,,,,,,,,
12/10/17 11:05,12/10/17 11:05,1,1636072,,,,,1,1,,,0,,0,,,,,,,,,,,,,,,,,,,,,,,,,,,,,,,,,,,,,,,,,,,,,,,,,,,,,,,,,,,,,,,,,,,
12/10/17 11:07,12/10/17 11:07,1,8377225,,,,,1,1,,,0,,0,,,,,,,,,,,,,,,,,,,,,,,,,,,,,,,,,,,,,,,,,,,,,,,,,,,,,,,,,,,,,,,,,,,
12/10/17 11:07,12/10/17 11:08,1,9725462,,,,,1,1,,,1,0,0,,,,,,,,,,,,,,,,,,,,,,,,,,,,,,,,,,,,,,,,,,,,,,,,,,,,,,,,,,,,,,,,,,,
12/10/17 11:09,12/10/17 11:10,1,6708915,,,,,1,1,,,0,,0,,,,,,,,,,,,,,,,,,,,,,,,,,,,,,,,,,,,,,,,,,,,,,,,,,,,,,,,,,,,,,,,,,,
12/10/17 11:06,12/10/17 11:11,1,1121048,,1 year or more,,2211992,1,1,,,0,,1,1,0,,,1,1,3,5,4,5,2,4,5,5,3,2,5,3,4,1,3,3,3,4,1,5,3,3,4,2,3,4,5,2,2,5,5,3,5,5,2,4,2,2,5,1,2,2,5,5,1,5,2,4,3,2,5,4,2,3,2,2,32,4,1,no,1
12/10/17 11:06,12/10/17 11:11,1,7363864,,1 year or more,,4325041,1,1,,,0,,1,1,1,1,,1,1,3,2,2,5,2,1,4,4,2,2,2,2,3,1,1,2,4,4,1,3,2,2,3,1,2,4,4,2,1,5,4,1,4,4,1,2,1,1,5,1,1,2,5,5,1,4,1,3,1,1,5,5,6,5,7,1,25,3,1,No.,1
12/10/17 11:16,12/10/17 11:17,1,1345614,,,,,1,1,,,0,,0,,,,,,,,,,,,,,,,,,,,,,,,,,,,,,,,,,,,,,,,,,,,,,,,,,,,,,,,,,,,,,,,,,,
12/10/17 11:17,12/10/17 11:17,1,3693767,,,less than 1 year,,1,1,No,1,0,,1,0,0,,1,,,,,,,,,,,,,,,,,,,,,,,,,,,,,,,,,,,,,,,,,,,,,,,,,,,,,,,,,,,,,,,
12/10/17 11:14,12/10/17 11:18,1,3227116,,1 year or more,,9545507,1,1,,,1,1,1,1,1,1,,1,1,3,5,2,3,1,3,3,4,1,1,3,4,3,2,2,1,2,2,2,3,2,3,3,1,2,2,4,2,1,4,2,1,3,4,1,2,1,1,5,1,1,1,4,4,1,5,1,4,2,1,5,4,7,1,1,2,36,1,1,No issues. Thank you,1
12/10/17 11:15,12/10/17 11:19,1,9484883,,1 year or more,,6357856,1,1,,,1,1,1,1,0,,,1,1,4,3,2,3,4,2,4,4,1,2,2,3,2,3,4,4,2,2,4,3,2,3,2,2,5,4,4,1,1,5,5,1,4,4,1,4,1,1,5,1,1,1,5,4,1,5,5,5,2,1,5,5,7,4,2,1,29,4,1,No,1
12/10/17 11:22,12/10/17 11:23,1,8232384,,,,,1,1,,,1,1,0,,,,,,,,,,,,,,,,,,,,,,,,,,,,,,,,,,,,,,,,,,,,,,,,,,,,,,,,,,,,,,,,,,,
12/10/17 11:21,12/10/17 11:26,1,5125122,,1 year or more,,9942971,1,1,,,0,,1,1,1,1,,1,1,2,4,3,2,1,2,2,4,2,2,4,4,2,1,1,2,2,2,3,2,3,2,3,3,2,2,4,2,1,4,3,1,3,3,1,2,1,1,4,1,1,1,4,3,1,3,1,4,2,1,3,3,3,4,1,2,34,4,1,NA,1
12/10/17 12:35,12/10/17 12:35,1,6369128,,,,,1,1,,,0,,0,,,,,,,,,,,,,,,,,,,,,,,,,,,,,,,,,,,,,,,,,,,,,,,,,,,,,,,,,,,,,,,,,,,
12/10/17 12:48,12/10/17 12:48,1,1517190,,,,,1,1,,,0,,0,,,,,,,,,,,,,,,,,,,,,,,,,,,,,,,,,,,,,,,,,,,,,,,,,,,,,,,,,,,,,,,,,,,
12/10/17 12:50,12/10/17 12:50,1,7529024,,,,,1,1,,,0,,0,,,,,,,,,,,,,,,,,,,,,,,,,,,,,,,,,,,,,,,,,,,,,,,,,,,,,,,,,,,,,,,,,,,
12/10/17 12:50,12/10/17 12:51,1,3358016,,,,,1,1,,,1,1,0,,,,,,,,,,,,,,,,,,,,,,,,,,,,,,,,,,,,,,,,,,,,,,,,,,,,,,,,,,,,,,,,,,,
12/10/17 12:50,12/10/17 12:51,1,6514195,,,,,1,1,,,0,,0,,,,,,,,,,,,,,,,,,,,,,,,,,,,,,,,,,,,,,,,,,,,,,,,,,,,,,,,,,,,,,,,,,,
12/10/17 12:51,12/10/17 12:51,1,4865225,,,,,1,1,,,1,0,0,,,,,,,,,,,,,,,,,,,,,,,,,,,,,,,,,,,,,,,,,,,,,,,,,,,,,,,,,,,,,,,,,,,
12/10/17 12:53,12/10/17 12:54,1,3240047,,,,,1,1,,,0,,0,,,,,,,,,,,,,,,,,,,,,,,,,,,,,,,,,,,,,,,,,,,,,,,,,,,,,,,,,,,,,,,,,,,
12/10/17 12:55,12/10/17 12:55,1,2272281,,,,,1,1,,,0,,0,,,,,,,,,,,,,,,,,,,,,,,,,,,,,,,,,,,,,,,,,,,,,,,,,,,,,,,,,,,,,,,,,,,
12/10/17 12:56,12/10/17 12:56,1,12282,,,,,1,1,,,1,1,0,,,,,,,,,,,,,,,,,,,,,,,,,,,,,,,,,,,,,,,,,,,,,,,,,,,,,,,,,,,,,,,,,,,
12/10/17 12:56,12/10/17 12:56,1,4324370,,,,,1,1,,,0,,0,,,,,,,,,,,,,,,,,,,,,,,,,,,,,,,,,,,,,,,,,,,,,,,,,,,,,,,,,,,,,,,,,,,
12/10/17 12:57,12/10/17 12:57,1,5830994,,,,,1,1,,,0,,0,,,,,,,,,,,,,,,,,,,,,,,,,,,,,,,,,,,,,,,,,,,,,,,,,,,,,,,,,,,,,,,,,,,
12/10/17 12:56,12/10/17 12:57,1,2549401,,1 year or more,,308082,1,1,,,1,0,1,1,0,,,1,1,4,3,2,2,4,4,2,2,5,3,2,4,3,5,2,3,2,4,2,5,3,3,2,4,2,2,4,4,2,3,1,4,5,2,2,4,4,5,2,1,1,4,3,3,4,3,2,5,1,3,2,2,5,6,1,2,20,2,1,,1
12/10/17 12:58,12/10/17 12:58,1,2742675,,,,,1,1,,,0,,0,,,,,,,,,,,,,,,,,,,,,,,,,,,,,,,,,,,,,,,,,,,,,,,,,,,,,,,,,,,,,,,,,,,
12/10/17 13:02,12/10/17 13:02,1,4151423,,,,,1,1,,,0,,0,,,,,,,,,,,,,,,,,,,,,,,,,,,,,,,,,,,,,,,,,,,,,,,,,,,,,,,,,,,,,,,,,,,
12/10/17 13:02,12/10/17 13:03,1,1493594,,,,,1,1,,,0,,0,,,,,,,,,,,,,,,,,,,,,,,,,,,,,,,,,,,,,,,,,,,,,,,,,,,,,,,,,,,,,,,,,,,
12/10/17 13:06,12/10/17 13:07,1,5789019,,,,,1,1,,,0,,0,,,,,,,,,,,,,,,,,,,,,,,,,,,,,,,,,,,,,,,,,,,,,,,,,,,,,,,,,,,,,,,,,,,
12/10/17 13:08,12/10/17 13:09,1,976619,,,,,1,1,,,1,1,0,,,,,,,,,,,,,,,,,,,,,,,,,,,,,,,,,,,,,,,,,,,,,,,,,,,,,,,,,,,,,,,,,,,
12/10/17 13:09,12/10/17 13:09,1,1653528,,,,,1,1,,,0,,0,,,,,,,,,,,,,,,,,,,,,,,,,,,,,,,,,,,,,,,,,,,,,,,,,,,,,,,,,,,,,,,,,,,
12/10/17 13:09,12/10/17 13:09,1,4982399,,,,,1,1,,,0,,0,,,,,,,,,,,,,,,,,,,,,,,,,,,,,,,,,,,,,,,,,,,,,,,,,,,,,,,,,,,,,,,,,,,
12/10/17 13:10,12/10/17 13:10,1,5548535,,,,,1,1,,,0,,0,,,,,,,,,,,,,,,,,,,,,,,,,,,,,,,,,,,,,,,,,,,,,,,,,,,,,,,,,,,,,,,,,,,
12/10/17 13:10,12/10/17 13:11,1,8313120,,,,,1,1,,,0,,0,,,,,,,,,,,,,,,,,,,,,,,,,,,,,,,,,,,,,,,,,,,,,,,,,,,,,,,,,,,,,,,,,,,
12/10/17 13:10,12/10/17 13:11,1,8713562,,,,,1,1,,,0,,0,,,,,,,,,,,,,,,,,,,,,,,,,,,,,,,,,,,,,,,,,,,,,,,,,,,,,,,,,,,,,,,,,,,
12/10/17 13:11,12/10/17 13:11,1,3624664,,,,,1,1,,,0,,0,,,,,,,,,,,,,,,,,,,,,,,,,,,,,,,,,,,,,,,,,,,,,,,,,,,,,,,,,,,,,,,,,,,
12/10/17 13:12,12/10/17 13:12,1,4465263,,,,,1,1,,,0,,0,,,,,,,,,,,,,,,,,,,,,,,,,,,,,,,,,,,,,,,,,,,,,,,,,,,,,,,,,,,,,,,,,,,
12/10/17 13:10,12/10/17 13:14,1,8347043,,1 year or more,,7983397,1,1,,,1,1,1,1,0,,,1,1,2,2,2,4,2,3,4,3,2,2,2,2,3,2,2,2,3,4,2,4,2,2,2,2,3,3,4,1,1,4,4,1,4,3,1,2,1,1,4,1,1,1,4,4,1,4,1,4,2,1,4,3,4,6,1,2,39,3,1,,1
12/10/17 13:13,12/10/17 13:14,1,661634,,,,,1,1,,,0,,0,,,,,,,,,,,,,,,,,,,,,,,,,,,,,,,,,,,,,,,,,,,,,,,,,,,,,,,,,,,,,,,,,,,
12/10/17 13:16,12/10/17 13:17,1,4429507,,,,,1,1,,,0,,0,,,,,,,,,,,,,,,,,,,,,,,,,,,,,,,,,,,,,,,,,,,,,,,,,,,,,,,,,,,,,,,,,,,
12/10/17 13:19,12/10/17 13:20,1,9339130,,,,,1,1,,,0,,0,,,,,,,,,,,,,,,,,,,,,,,,,,,,,,,,,,,,,,,,,,,,,,,,,,,,,,,,,,,,,,,,,,,
12/10/17 13:22,12/10/17 13:23,1,2865663,,,,,1,1,,,1,1,0,,,,,,,,,,,,,,,,,,,,,,,,,,,,,,,,,,,,,,,,,,,,,,,,,,,,,,,,,,,,,,,,,,,
12/10/17 13:23,12/10/17 13:23,1,3650020,,,,,1,1,,,1,0,0,,,,,,,,,,,,,,,,,,,,,,,,,,,,,,,,,,,,,,,,,,,,,,,,,,,,,,,,,,,,,,,,,,,
12/10/17 13:23,12/10/17 13:23,1,7962605,,,,,1,1,,,0,,0,,,,,,,,,,,,,,,,,,,,,,,,,,,,,,,,,,,,,,,,,,,,,,,,,,,,,,,,,,,,,,,,,,,
12/10/17 13:26,12/10/17 13:26,1,3389539,,,,,1,1,,,0,,0,,,,,,,,,,,,,,,,,,,,,,,,,,,,,,,,,,,,,,,,,,,,,,,,,,,,,,,,,,,,,,,,,,,
12/10/17 13:26,12/10/17 13:27,1,8549793,,,,,1,1,,,1,0,0,,,,,,,,,,,,,,,,,,,,,,,,,,,,,,,,,,,,,,,,,,,,,,,,,,,,,,,,,,,,,,,,,,,
12/10/17 13:29,12/10/17 13:30,1,4208423,,,,,1,1,,,0,,0,,,,,,,,,,,,,,,,,,,,,,,,,,,,,,,,,,,,,,,,,,,,,,,,,,,,,,,,,,,,,,,,,,,
12/10/17 13:31,12/10/17 13:31,1,7170535,,,,,1,1,,,0,,0,,,,,,,,,,,,,,,,,,,,,,,,,,,,,,,,,,,,,,,,,,,,,,,,,,,,,,,,,,,,,,,,,,,
12/10/17 13:32,12/10/17 13:33,1,2268222,,,,,1,1,,,0,,0,,,,,,,,,,,,,,,,,,,,,,,,,,,,,,,,,,,,,,,,,,,,,,,,,,,,,,,,,,,,,,,,,,,
12/10/17 13:39,12/10/17 13:40,1,356196,,,,,1,1,,,1,1,0,,,,,,,,,,,,,,,,,,,,,,,,,,,,,,,,,,,,,,,,,,,,,,,,,,,,,,,,,,,,,,,,,,,
12/10/17 13:41,12/10/17 13:41,1,1921539,,,,,1,1,,,0,,0,,,,,,,,,,,,,,,,,,,,,,,,,,,,,,,,,,,,,,,,,,,,,,,,,,,,,,,,,,,,,,,,,,,
12/10/17 13:34,12/10/17 13:42,1,5749163,,,,,1,1,,,0,,0,,,,,,,,,,,,,,,,,,,,,,,,,,,,,,,,,,,,,,,,,,,,,,,,,,,,,,,,,,,,,,,,,,,
12/10/17 13:40,12/10/17 13:45,1,9006349,,1 year or more,,3634742,1,1,,,0,,1,1,0,,,1,1,4,2,3,4,2,2,4,3,2,2,3,3,2,2,2,2,2,4,2,4,2,4,3,2,4,3,4,2,1,3,2,1,2,2,1,2,1,1,4,1,1,1,4,4,1,4,1,5,1,1,4,3,7,3,7,2,32,3,1,None. This was a great survey. Thank you.,1
12/10/17 14:02,12/10/17 14:02,1,2750659,,,,,1,1,,,0,,0,,,,,,,,,,,,,,,,,,,,,,,,,,,,,,,,,,,,,,,,,,,,,,,,,,,,,,,,,,,,,,,,,,,
12/10/17 15:11,12/10/17 15:14,1,8481075,,,,,1,1,,,1,1,0,,,,,,,,,,,,,,,,,,,,,,,,,,,,,,,,,,,,,,,,,,,,,,,,,,,,,,,,,,,,,,,,,,,
12/10/17 15:15,12/10/17 15:16,1,354217,,,,,1,1,,,0,,0,,,,,,,,,,,,,,,,,,,,,,,,,,,,,,,,,,,,,,,,,,,,,,,,,,,,,,,,,,,,,,,,,,,
12/10/17 15:24,12/10/17 15:29,1,7075349,,1 year or more,,1772462,1,1,,,1,0,1,1,0,,,1,1,2,2,1,2,1,1,2,4,1,1,2,1,4,1,1,1,4,2,1,2,1,4,2,1,4,4,4,1,1,2,2,1,2,5,1,2,1,1,5,1,1,1,5,5,1,4,1,5,1,1,5,4,2,3,8,2,65,3,1,No - thank you!,1
12/10/17 15:48,12/10/17 15:49,1,8662859,,,,,1,1,,,1,1,0,,,,,,,,,,,,,,,,,,,,,,,,,,,,,,,,,,,,,,,,,,,,,,,,,,,,,,,,,,,,,,,,,,,
12/10/17 15:52,12/10/17 15:52,1,508945,,,,,1,1,,,0,,0,,,,,,,,,,,,,,,,,,,,,,,,,,,,,,,,,,,,,,,,,,,,,,,,,,,,,,,,,,,,,,,,,,,